Month Start Date,Manager ID,Product ID,Sales Target
1/1/2024,1,3,$50.98 
2/1/2024,1,3,$41.14 
3/1/2024,1,3,$50.98 
4/1/2024,1,3,$104.18 
5/1/2024,1,3,$59.98 
6/1/2024,1,3,$72.61 
7/1/2024,1,3,$105.23 
8/1/2024,1,3,$102.07 
9/1/2024,1,3,$47.35 
10/1/2024,1,3,$50.51 
11/1/2024,1,3,$61.03 
12/1/2024,1,3,$87.34 
1/1/2024,1,8,$45.84 
2/1/2024,1,8,$41.37 
3/1/2024,1,8,$65.96 
4/1/2024,1,8,$85.50 
5/1/2024,1,8,$147.32 
6/1/2024,1,8,$105.23 
7/1/2024,1,8,$98.65 
8/1/2024,1,8,$148.63 
9/1/2024,1,8,$124.96 
10/1/2024,1,8,$163.10 
11/1/2024,1,8,$64.45 
12/1/2024,1,8,$94.70 
1/1/2024,1,10,$353.30 
2/1/2024,1,10,$411.44 
3/1/2024,1,10,$429.33 
4/1/2024,1,10,$641.89 
5/1/2024,1,10,$552.44 
6/1/2024,1,10,$336.73 
7/1/2024,1,10,$378.82 
8/1/2024,1,10,$220.98 
9/1/2024,1,10,$273.59 
10/1/2024,1,10,$299.90 
11/1/2024,1,10,$436.69 
12/1/2024,1,10,$284.11 
1/1/2024,1,12,$102.86 
2/1/2024,1,12,$169.94 
3/1/2024,1,12,$82.74 
4/1/2024,1,12,$257.81 
5/1/2024,1,12,$184.15 
6/1/2024,1,12,$147.32 
7/1/2024,1,12,$131.53 
8/1/2024,1,12,$163.10 
9/1/2024,1,12,$147.32 
10/1/2024,1,12,$213.09 
11/1/2024,1,12,$186.78 
12/1/2024,1,12,$260.44 
1/1/2024,1,13,$75.13 
2/1/2024,1,13,$139.53 
3/1/2024,1,13,$55.01 
4/1/2024,1,13,$159.42 
5/1/2024,1,13,$101.02 
6/1/2024,1,13,$104.18 
7/1/2024,1,13,$64.71 
8/1/2024,1,13,$107.33 
9/1/2024,1,13,$149.95 
10/1/2024,1,13,$123.12 
11/1/2024,1,13,$118.38 
12/1/2024,1,13,$116.81 
1/1/2024,1,2,$360.72 
2/1/2024,1,2,$547.52 
3/1/2024,1,2,$644.14 
4/1/2024,1,2,$394.06 
5/1/2024,1,2,$719.92 
6/1/2024,1,2,$780.55 
7/1/2024,1,2,$401.64 
8/1/2024,1,2,$507.73 
9/1/2024,1,2,$454.69 
10/1/2024,1,2,$394.06 
11/1/2024,1,2,$568.36 
12/1/2024,1,2,$424.38 
1/1/2024,1,7,$354.28 
2/1/2024,1,7,$316.70 
3/1/2024,1,7,$182.51 
4/1/2024,1,7,$309.44 
5/1/2024,1,7,$246.29 
6/1/2024,1,7,$599.94 
7/1/2024,1,7,$227.34 
8/1/2024,1,7,$719.92 
9/1/2024,1,7,$334.70 
10/1/2024,1,7,$688.35 
11/1/2024,1,7,$574.67 
12/1/2024,1,7,$637.83 
1/1/2024,1,9,$206.66 
2/1/2024,1,9,$578.65 
3/1/2024,1,9,$318.85 
4/1/2024,1,9,$368.17 
5/1/2024,1,9,$500.16 
6/1/2024,1,9,$305.65 
7/1/2024,1,9,$229.24 
8/1/2024,1,9,$243.13 
9/1/2024,1,9,$409.85 
10/1/2024,1,9,$562.68 
11/1/2024,1,9,$361.22 
12/1/2024,1,9,$583.52 
1/1/2024,1,14,$295.77 
2/1/2024,1,14,$249.87 
3/1/2024,1,14,$163.18 
4/1/2024,1,14,$413.96 
5/1/2024,1,14,$425.95 
6/1/2024,1,14,$173.98 
7/1/2024,1,14,$431.95 
8/1/2024,1,14,$323.97 
9/1/2024,1,14,$341.96 
10/1/2024,1,14,$347.96 
11/1/2024,1,14,$311.97 
12/1/2024,1,14,$461.96 
1/1/2024,1,1,$109.11 
2/1/2024,1,1,$58.01 
3/1/2024,1,1,$95.30 
4/1/2024,1,1,$136.49 
5/1/2024,1,1,$136.49 
6/1/2024,1,1,$77.99 
7/1/2024,1,1,$63.37 
8/1/2024,1,1,$87.74 
9/1/2024,1,1,$108.87 
10/1/2024,1,1,$116.99 
11/1/2024,1,1,$139.74 
12/1/2024,1,1,$50.37 
1/1/2024,1,4,$464.06 
2/1/2024,1,4,$480.64 
3/1/2024,1,4,$629.80 
4/1/2024,1,4,$516.71 
5/1/2024,1,4,$623.95 
6/1/2024,1,4,$906.68 
7/1/2024,1,4,$526.46 
8/1/2024,1,4,$477.71 
9/1/2024,1,4,$516.71 
10/1/2024,1,4,$565.45 
11/1/2024,1,4,$263.23 
12/1/2024,1,4,$341.22 
1/1/2024,1,5,$216.56 
2/1/2024,1,5,$265.18 
3/1/2024,1,5,$380.09 
4/1/2024,1,5,$311.97 
5/1/2024,1,5,$582.35 
6/1/2024,1,5,$249.58 
7/1/2024,1,5,$436.76 
8/1/2024,1,5,$447.16 
9/1/2024,1,5,$431.56 
10/1/2024,1,5,$389.97 
11/1/2024,1,5,$525.16 
12/1/2024,1,5,$509.56 
1/1/2024,1,6,$62.15 
2/1/2024,1,6,$82.87 
3/1/2024,1,6,$67.95 
4/1/2024,1,6,$67.27 
5/1/2024,1,6,$53.62 
6/1/2024,1,6,$61.42 
7/1/2024,1,6,$109.19 
8/1/2024,1,6,$53.62 
9/1/2024,1,6,$39.97 
10/1/2024,1,6,$59.47 
11/1/2024,1,6,$84.82 
12/1/2024,1,6,$55.57 
1/1/2024,1,11,$165.74 
2/1/2024,1,11,$165.74 
3/1/2024,1,11,$228.72 
4/1/2024,1,11,$370.47 
5/1/2024,1,11,$296.38 
6/1/2024,1,11,$292.48 
7/1/2024,1,11,$339.27 
8/1/2024,1,11,$308.07 
9/1/2024,1,11,$210.58 
10/1/2024,1,11,$327.57 
11/1/2024,1,11,$261.28 
12/1/2024,1,11,$296.38 
1/1/2024,1,15,$122.64 
2/1/2024,1,15,$56.35 
3/1/2024,1,15,$109.39 
4/1/2024,1,15,$71.49 
5/1/2024,1,15,$61.09 
6/1/2024,1,15,$70.19 
7/1/2024,1,15,$131.29 
8/1/2024,1,15,$105.29 
9/1/2024,1,15,$50.70 
10/1/2024,1,15,$35.10 
11/1/2024,1,15,$92.29 
12/1/2024,1,15,$118.29 
1/1/2024,1,16,$240.32 
2/1/2024,1,16,$118.78 
3/1/2024,1,16,$91.15 
4/1/2024,1,16,$155.99 
5/1/2024,1,16,$220.98 
6/1/2024,1,16,$237.23 
7/1/2024,1,16,$269.73 
8/1/2024,1,16,$233.98 
9/1/2024,1,16,$321.72 
10/1/2024,1,16,$240.48 
11/1/2024,1,16,$233.98 
12/1/2024,1,16,$311.96 
1/1/2024,2,3,$50.98 
2/1/2024,2,3,$41.14 
3/1/2024,2,3,$50.98 
4/1/2024,2,3,$104.18 
5/1/2024,2,3,$59.98 
6/1/2024,2,3,$72.61 
7/1/2024,2,3,$105.23 
8/1/2024,2,3,$102.07 
9/1/2024,2,3,$47.35 
10/1/2024,2,3,$50.51 
11/1/2024,2,3,$61.03 
12/1/2024,2,3,$87.34 
1/1/2024,2,8,$45.84 
2/1/2024,2,8,$41.37 
3/1/2024,2,8,$65.96 
4/1/2024,2,8,$85.50 
5/1/2024,2,8,$147.32 
6/1/2024,2,8,$105.23 
7/1/2024,2,8,$98.65 
8/1/2024,2,8,$148.63 
9/1/2024,2,8,$124.96 
10/1/2024,2,8,$163.10 
11/1/2024,2,8,$64.45 
12/1/2024,2,8,$94.70 
1/1/2024,2,10,$353.30 
2/1/2024,2,10,$411.44 
3/1/2024,2,10,$429.33 
4/1/2024,2,10,$641.89 
5/1/2024,2,10,$552.44 
6/1/2024,2,10,$336.73 
7/1/2024,2,10,$378.82 
8/1/2024,2,10,$220.98 
9/1/2024,2,10,$273.59 
10/1/2024,2,10,$299.90 
11/1/2024,2,10,$436.69 
12/1/2024,2,10,$284.11 
1/1/2024,2,12,$102.86 
2/1/2024,2,12,$169.94 
3/1/2024,2,12,$82.74 
4/1/2024,2,12,$257.81 
5/1/2024,2,12,$184.15 
6/1/2024,2,12,$147.32 
7/1/2024,2,12,$131.53 
8/1/2024,2,12,$163.10 
9/1/2024,2,12,$147.32 
10/1/2024,2,12,$213.09 
11/1/2024,2,12,$186.78 
12/1/2024,2,12,$260.44 
1/1/2024,2,13,$75.13 
2/1/2024,2,13,$139.53 
3/1/2024,2,13,$55.01 
4/1/2024,2,13,$159.42 
5/1/2024,2,13,$101.02 
6/1/2024,2,13,$104.18 
7/1/2024,2,13,$64.71 
8/1/2024,2,13,$107.33 
9/1/2024,2,13,$149.95 
10/1/2024,2,13,$123.12 
11/1/2024,2,13,$118.38 
12/1/2024,2,13,$116.81 
1/1/2024,2,2,$360.72 
2/1/2024,2,2,$547.52 
3/1/2024,2,2,$644.14 
4/1/2024,2,2,$394.06 
5/1/2024,2,2,$719.92 
6/1/2024,2,2,$780.55 
7/1/2024,2,2,$401.64 
8/1/2024,2,2,$507.73 
9/1/2024,2,2,$454.69 
10/1/2024,2,2,$394.06 
11/1/2024,2,2,$568.36 
12/1/2024,2,2,$424.38 
1/1/2024,2,7,$354.28 
2/1/2024,2,7,$316.70 
3/1/2024,2,7,$182.51 
4/1/2024,2,7,$309.44 
5/1/2024,2,7,$246.29 
6/1/2024,2,7,$599.94 
7/1/2024,2,7,$227.34 
8/1/2024,2,7,$719.92 
9/1/2024,2,7,$334.70 
10/1/2024,2,7,$688.35 
11/1/2024,2,7,$574.67 
12/1/2024,2,7,$637.83 
1/1/2024,2,9,$206.66 
2/1/2024,2,9,$578.65 
3/1/2024,2,9,$318.85 
4/1/2024,2,9,$368.17 
5/1/2024,2,9,$500.16 
6/1/2024,2,9,$305.65 
7/1/2024,2,9,$229.24 
8/1/2024,2,9,$243.13 
9/1/2024,2,9,$409.85 
10/1/2024,2,9,$562.68 
11/1/2024,2,9,$361.22 
12/1/2024,2,9,$583.52 
1/1/2024,2,14,$295.77 
2/1/2024,2,14,$249.87 
3/1/2024,2,14,$163.18 
4/1/2024,2,14,$413.96 
5/1/2024,2,14,$425.95 
6/1/2024,2,14,$173.98 
7/1/2024,2,14,$431.95 
8/1/2024,2,14,$323.97 
9/1/2024,2,14,$341.96 
10/1/2024,2,14,$347.96 
11/1/2024,2,14,$311.97 
12/1/2024,2,14,$461.96 
1/1/2024,2,1,$109.11 
2/1/2024,2,1,$58.01 
3/1/2024,2,1,$95.30 
4/1/2024,2,1,$136.49 
5/1/2024,2,1,$136.49 
6/1/2024,2,1,$77.99 
7/1/2024,2,1,$63.37 
8/1/2024,2,1,$87.74 
9/1/2024,2,1,$108.87 
10/1/2024,2,1,$116.99 
11/1/2024,2,1,$139.74 
12/1/2024,2,1,$50.37 
1/1/2024,2,4,$464.06 
2/1/2024,2,4,$480.64 
3/1/2024,2,4,$629.80 
4/1/2024,2,4,$516.71 
5/1/2024,2,4,$623.95 
6/1/2024,2,4,$906.68 
7/1/2024,2,4,$526.46 
8/1/2024,2,4,$477.71 
9/1/2024,2,4,$516.71 
10/1/2024,2,4,$565.45 
11/1/2024,2,4,$263.23 
12/1/2024,2,4,$341.22 
1/1/2024,2,5,$216.56 
2/1/2024,2,5,$265.18 
3/1/2024,2,5,$380.09 
4/1/2024,2,5,$311.97 
5/1/2024,2,5,$582.35 
6/1/2024,2,5,$249.58 
7/1/2024,2,5,$436.76 
8/1/2024,2,5,$447.16 
9/1/2024,2,5,$431.56 
10/1/2024,2,5,$389.97 
11/1/2024,2,5,$525.16 
12/1/2024,2,5,$509.56 
1/1/2024,2,6,$62.15 
2/1/2024,2,6,$82.87 
3/1/2024,2,6,$67.95 
4/1/2024,2,6,$67.27 
5/1/2024,2,6,$53.62 
6/1/2024,2,6,$61.42 
7/1/2024,2,6,$109.19 
8/1/2024,2,6,$53.62 
9/1/2024,2,6,$39.97 
10/1/2024,2,6,$59.47 
11/1/2024,2,6,$84.82 
12/1/2024,2,6,$55.57 
1/1/2024,2,11,$165.74 
2/1/2024,2,11,$165.74 
3/1/2024,2,11,$228.72 
4/1/2024,2,11,$370.47 
5/1/2024,2,11,$296.38 
6/1/2024,2,11,$292.48 
7/1/2024,2,11,$339.27 
8/1/2024,2,11,$308.07 
9/1/2024,2,11,$210.58 
10/1/2024,2,11,$327.57 
11/1/2024,2,11,$261.28 
12/1/2024,2,11,$296.38 
1/1/2024,2,15,$122.64 
2/1/2024,2,15,$56.35 
3/1/2024,2,15,$109.39 
4/1/2024,2,15,$71.49 
5/1/2024,2,15,$61.09 
6/1/2024,2,15,$70.19 
7/1/2024,2,15,$131.29 
8/1/2024,2,15,$105.29 
9/1/2024,2,15,$50.70 
10/1/2024,2,15,$35.10 
11/1/2024,2,15,$92.29 
12/1/2024,2,15,$118.29 
1/1/2024,2,16,$240.32 
2/1/2024,2,16,$118.78 
3/1/2024,2,16,$91.15 
4/1/2024,2,16,$155.99 
5/1/2024,2,16,$220.98 
6/1/2024,2,16,$237.23 
7/1/2024,2,16,$269.73 
8/1/2024,2,16,$233.98 
9/1/2024,2,16,$321.72 
10/1/2024,2,16,$240.48 
11/1/2024,2,16,$233.98 
12/1/2024,2,16,$311.96 
1/1/2024,3,3,$54.04 
2/1/2024,3,3,$43.61 
3/1/2024,3,3,$54.04 
4/1/2024,3,3,$110.43 
5/1/2024,3,3,$63.58 
6/1/2024,3,3,$76.96 
7/1/2024,3,3,$111.54 
8/1/2024,3,3,$108.19 
9/1/2024,3,3,$50.19 
10/1/2024,3,3,$53.54 
11/1/2024,3,3,$64.69 
12/1/2024,3,3,$92.58 
1/1/2024,3,8,$48.59 
2/1/2024,3,8,$43.85 
3/1/2024,3,8,$69.92 
4/1/2024,3,8,$90.63 
5/1/2024,3,8,$156.16 
6/1/2024,3,8,$111.54 
7/1/2024,3,8,$104.57 
8/1/2024,3,8,$157.55 
9/1/2024,3,8,$132.46 
10/1/2024,3,8,$172.89 
11/1/2024,3,8,$68.32 
12/1/2024,3,8,$100.39 
1/1/2024,3,10,$374.50 
2/1/2024,3,10,$436.13 
3/1/2024,3,10,$455.09 
4/1/2024,3,10,$680.40 
5/1/2024,3,10,$585.59 
6/1/2024,3,10,$356.93 
7/1/2024,3,10,$401.55 
8/1/2024,3,10,$234.24 
9/1/2024,3,10,$290.01 
10/1/2024,3,10,$317.89 
11/1/2024,3,10,$462.90 
12/1/2024,3,10,$301.16 
1/1/2024,3,12,$109.03 
2/1/2024,3,12,$180.14 
3/1/2024,3,12,$87.70 
4/1/2024,3,12,$273.28 
5/1/2024,3,12,$195.20 
6/1/2024,3,12,$156.16 
7/1/2024,3,12,$139.43 
8/1/2024,3,12,$172.89 
9/1/2024,3,12,$156.16 
10/1/2024,3,12,$225.87 
11/1/2024,3,12,$197.99 
12/1/2024,3,12,$276.06 
1/1/2024,3,13,$79.64 
2/1/2024,3,13,$147.90 
3/1/2024,3,13,$58.31 
4/1/2024,3,13,$168.98 
5/1/2024,3,13,$107.08 
6/1/2024,3,13,$110.43 
7/1/2024,3,13,$68.60 
8/1/2024,3,13,$113.77 
9/1/2024,3,13,$158.95 
10/1/2024,3,13,$130.50 
11/1/2024,3,13,$125.48 
12/1/2024,3,13,$123.80 
1/1/2024,3,2,$382.36 
2/1/2024,3,2,$580.37 
3/1/2024,3,2,$682.79 
4/1/2024,3,2,$417.71 
5/1/2024,3,2,$763.12 
6/1/2024,3,2,$827.38 
7/1/2024,3,2,$425.74 
8/1/2024,3,2,$538.20 
9/1/2024,3,2,$481.97 
10/1/2024,3,2,$417.71 
11/1/2024,3,2,$602.46 
12/1/2024,3,2,$449.84 
1/1/2024,3,7,$375.53 
2/1/2024,3,7,$335.70 
3/1/2024,3,7,$193.46 
4/1/2024,3,7,$328.01 
5/1/2024,3,7,$261.07 
6/1/2024,3,7,$635.93 
7/1/2024,3,7,$240.98 
8/1/2024,3,7,$763.12 
9/1/2024,3,7,$354.78 
10/1/2024,3,7,$729.65 
11/1/2024,3,7,$609.16 
12/1/2024,3,7,$676.10 
1/1/2024,3,9,$219.06 
2/1/2024,3,9,$613.37 
3/1/2024,3,9,$337.98 
4/1/2024,3,9,$390.26 
5/1/2024,3,9,$530.17 
6/1/2024,3,9,$323.99 
7/1/2024,3,9,$242.99 
8/1/2024,3,9,$257.72 
9/1/2024,3,9,$434.44 
10/1/2024,3,9,$596.44 
11/1/2024,3,9,$382.90 
12/1/2024,3,9,$618.53 
1/1/2024,3,14,$313.51 
2/1/2024,3,14,$264.87 
3/1/2024,3,14,$172.97 
4/1/2024,3,14,$438.79 
5/1/2024,3,14,$451.51 
6/1/2024,3,14,$184.42 
7/1/2024,3,14,$457.87 
8/1/2024,3,14,$343.40 
9/1/2024,3,14,$362.48 
10/1/2024,3,14,$368.84 
11/1/2024,3,14,$330.68 
12/1/2024,3,14,$489.67 
1/1/2024,3,1,$115.66 
2/1/2024,3,1,$61.49 
3/1/2024,3,1,$101.02 
4/1/2024,3,1,$144.68 
5/1/2024,3,1,$144.68 
6/1/2024,3,1,$82.67 
7/1/2024,3,1,$67.17 
8/1/2024,3,1,$93.01 
9/1/2024,3,1,$115.40 
10/1/2024,3,1,$124.01 
11/1/2024,3,1,$148.12 
12/1/2024,3,1,$53.39 
1/1/2024,3,4,$491.91 
2/1/2024,3,4,$509.47 
3/1/2024,3,4,$667.59 
4/1/2024,3,4,$547.71 
5/1/2024,3,4,$661.39 
6/1/2024,3,4,$961.08 
7/1/2024,3,4,$558.04 
8/1/2024,3,4,$506.37 
9/1/2024,3,4,$547.71 
10/1/2024,3,4,$599.38 
11/1/2024,3,4,$279.02 
12/1/2024,3,4,$361.70 
1/1/2024,3,5,$229.56 
2/1/2024,3,5,$281.09 
3/1/2024,3,5,$402.89 
4/1/2024,3,5,$330.69 
5/1/2024,3,5,$617.29 
6/1/2024,3,5,$264.55 
7/1/2024,3,5,$462.97 
8/1/2024,3,5,$473.99 
9/1/2024,3,5,$457.46 
10/1/2024,3,5,$413.37 
11/1/2024,3,5,$556.67 
12/1/2024,3,5,$540.13 
1/1/2024,3,6,$65.88 
2/1/2024,3,6,$87.84 
3/1/2024,3,6,$72.03 
4/1/2024,3,6,$71.31 
5/1/2024,3,6,$56.84 
6/1/2024,3,6,$65.11 
7/1/2024,3,6,$115.74 
8/1/2024,3,6,$56.84 
9/1/2024,3,6,$42.37 
10/1/2024,3,6,$63.04 
11/1/2024,3,6,$89.91 
12/1/2024,3,6,$58.90 
1/1/2024,3,11,$175.68 
2/1/2024,3,11,$175.68 
3/1/2024,3,11,$242.44 
4/1/2024,3,11,$392.70 
5/1/2024,3,11,$314.16 
6/1/2024,3,11,$310.02 
7/1/2024,3,11,$359.63 
8/1/2024,3,11,$326.56 
9/1/2024,3,11,$223.22 
10/1/2024,3,11,$347.23 
11/1/2024,3,11,$276.96 
12/1/2024,3,11,$314.16 
1/1/2024,3,15,$130.00 
2/1/2024,3,15,$59.73 
3/1/2024,3,15,$115.95 
4/1/2024,3,15,$75.78 
5/1/2024,3,15,$64.76 
6/1/2024,3,15,$74.41 
7/1/2024,3,15,$139.17 
8/1/2024,3,15,$111.61 
9/1/2024,3,15,$53.74 
10/1/2024,3,15,$37.20 
11/1/2024,3,15,$97.83 
12/1/2024,3,15,$125.39 
1/1/2024,3,16,$254.74 
2/1/2024,3,16,$125.90 
3/1/2024,3,16,$96.62 
4/1/2024,3,16,$165.35 
5/1/2024,3,16,$234.24 
6/1/2024,3,16,$251.46 
7/1/2024,3,16,$285.91 
8/1/2024,3,16,$248.02 
9/1/2024,3,16,$341.03 
10/1/2024,3,16,$254.91 
11/1/2024,3,16,$248.02 
12/1/2024,3,16,$330.65 
1/1/2024,4,3,$56.08 
2/1/2024,4,3,$45.26 
3/1/2024,4,3,$56.08 
4/1/2024,4,3,$114.59 
5/1/2024,4,3,$65.98 
6/1/2024,4,3,$79.87 
7/1/2024,4,3,$115.75 
8/1/2024,4,3,$112.28 
9/1/2024,4,3,$52.09 
10/1/2024,4,3,$55.56 
11/1/2024,4,3,$67.14 
12/1/2024,4,3,$96.07 
1/1/2024,4,8,$50.42 
2/1/2024,4,8,$45.50 
3/1/2024,4,8,$72.56 
4/1/2024,4,8,$94.05 
5/1/2024,4,8,$162.05 
6/1/2024,4,8,$115.75 
7/1/2024,4,8,$108.52 
8/1/2024,4,8,$163.50 
9/1/2024,4,8,$137.45 
10/1/2024,4,8,$179.41 
11/1/2024,4,8,$70.90 
12/1/2024,4,8,$104.18 
1/1/2024,4,10,$388.63 
2/1/2024,4,10,$452.58 
3/1/2024,4,10,$472.26 
4/1/2024,4,10,$706.08 
5/1/2024,4,10,$607.69 
6/1/2024,4,10,$370.40 
7/1/2024,4,10,$416.70 
8/1/2024,4,10,$243.08 
9/1/2024,4,10,$300.95 
10/1/2024,4,10,$329.89 
11/1/2024,4,10,$480.36 
12/1/2024,4,10,$312.53 
1/1/2024,4,12,$113.15 
2/1/2024,4,12,$186.94 
3/1/2024,4,12,$91.01 
4/1/2024,4,12,$283.59 
5/1/2024,4,12,$202.56 
6/1/2024,4,12,$162.05 
7/1/2024,4,12,$144.69 
8/1/2024,4,12,$179.41 
9/1/2024,4,12,$162.05 
10/1/2024,4,12,$234.39 
11/1/2024,4,12,$205.46 
12/1/2024,4,12,$286.48 
1/1/2024,4,13,$82.65 
2/1/2024,4,13,$153.48 
3/1/2024,4,13,$60.51 
4/1/2024,4,13,$175.36 
5/1/2024,4,13,$111.12 
6/1/2024,4,13,$114.59 
7/1/2024,4,13,$71.19 
8/1/2024,4,13,$118.07 
9/1/2024,4,13,$164.94 
10/1/2024,4,13,$135.43 
11/1/2024,4,13,$130.22 
12/1/2024,4,13,$128.47 
1/1/2024,4,2,$396.79 
2/1/2024,4,2,$602.27 
3/1/2024,4,2,$708.56 
4/1/2024,4,2,$433.47 
5/1/2024,4,2,$791.91 
6/1/2024,4,2,$858.60 
7/1/2024,4,2,$441.81 
8/1/2024,4,2,$558.51 
9/1/2024,4,2,$500.16 
10/1/2024,4,2,$433.47 
11/1/2024,4,2,$625.20 
12/1/2024,4,2,$466.81 
1/1/2024,4,7,$389.71 
2/1/2024,4,7,$348.37 
3/1/2024,4,7,$200.76 
4/1/2024,4,7,$340.38 
5/1/2024,4,7,$270.92 
6/1/2024,4,7,$659.93 
7/1/2024,4,7,$250.08 
8/1/2024,4,7,$791.91 
9/1/2024,4,7,$368.17 
10/1/2024,4,7,$757.18 
11/1/2024,4,7,$632.14 
12/1/2024,4,7,$701.61 
1/1/2024,4,9,$227.33 
2/1/2024,4,9,$636.52 
3/1/2024,4,9,$350.73 
4/1/2024,4,9,$404.99 
5/1/2024,4,9,$550.17 
6/1/2024,4,9,$336.22 
7/1/2024,4,9,$252.16 
8/1/2024,4,9,$267.44 
9/1/2024,4,9,$450.84 
10/1/2024,4,9,$618.94 
11/1/2024,4,9,$397.35 
12/1/2024,4,9,$641.87 
1/1/2024,4,14,$325.34 
2/1/2024,4,14,$274.86 
3/1/2024,4,14,$179.50 
4/1/2024,4,14,$455.35 
5/1/2024,4,14,$468.55 
6/1/2024,4,14,$191.38 
7/1/2024,4,14,$475.15 
8/1/2024,4,14,$356.36 
9/1/2024,4,14,$376.16 
10/1/2024,4,14,$382.76 
11/1/2024,4,14,$343.16 
12/1/2024,4,14,$508.15 
1/1/2024,4,1,$120.02 
2/1/2024,4,1,$63.81 
3/1/2024,4,1,$104.83 
4/1/2024,4,1,$150.14 
5/1/2024,4,1,$150.14 
6/1/2024,4,1,$85.79 
7/1/2024,4,1,$69.71 
8/1/2024,4,1,$96.52 
9/1/2024,4,1,$119.75 
10/1/2024,4,1,$128.69 
11/1/2024,4,1,$153.71 
12/1/2024,4,1,$55.41 
1/1/2024,4,4,$510.47 
2/1/2024,4,4,$528.70 
3/1/2024,4,4,$692.78 
4/1/2024,4,4,$568.38 
5/1/2024,4,4,$686.34 
6/1/2024,4,4,$997.34 
7/1/2024,4,4,$579.10 
8/1/2024,4,4,$525.48 
9/1/2024,4,4,$568.38 
10/1/2024,4,4,$622.00 
11/1/2024,4,4,$289.55 
12/1/2024,4,4,$375.34 
1/1/2024,4,5,$238.22 
2/1/2024,4,5,$291.70 
3/1/2024,4,5,$418.10 
4/1/2024,4,5,$343.17 
5/1/2024,4,5,$640.59 
6/1/2024,4,5,$274.54 
7/1/2024,4,5,$480.44 
8/1/2024,4,5,$491.88 
9/1/2024,4,5,$474.72 
10/1/2024,4,5,$428.96 
11/1/2024,4,5,$577.67 
12/1/2024,4,5,$560.51 
1/1/2024,4,6,$68.37 
2/1/2024,4,6,$91.15 
3/1/2024,4,6,$74.75 
4/1/2024,4,6,$74.00 
5/1/2024,4,6,$58.98 
6/1/2024,4,6,$67.56 
7/1/2024,4,6,$120.11 
8/1/2024,4,6,$58.98 
9/1/2024,4,6,$43.97 
10/1/2024,4,6,$65.42 
11/1/2024,4,6,$93.30 
12/1/2024,4,6,$61.13 
1/1/2024,4,11,$182.31 
2/1/2024,4,11,$182.31 
3/1/2024,4,11,$251.59 
4/1/2024,4,11,$407.52 
5/1/2024,4,11,$326.01 
6/1/2024,4,11,$321.72 
7/1/2024,4,11,$373.20 
8/1/2024,4,11,$338.88 
9/1/2024,4,11,$231.64 
10/1/2024,4,11,$360.33 
11/1/2024,4,11,$287.41 
12/1/2024,4,11,$326.01 
1/1/2024,4,15,$134.91 
2/1/2024,4,15,$61.99 
3/1/2024,4,15,$120.32 
4/1/2024,4,15,$78.64 
5/1/2024,4,15,$67.20 
6/1/2024,4,15,$77.21 
7/1/2024,4,15,$144.42 
8/1/2024,4,15,$115.82 
9/1/2024,4,15,$55.77 
10/1/2024,4,15,$38.61 
11/1/2024,4,15,$101.52 
12/1/2024,4,15,$130.12 
1/1/2024,4,16,$264.35 
2/1/2024,4,16,$130.66 
3/1/2024,4,16,$100.27 
4/1/2024,4,16,$171.59 
5/1/2024,4,16,$243.08 
6/1/2024,4,16,$260.95 
7/1/2024,4,16,$296.70 
8/1/2024,4,16,$257.38 
9/1/2024,4,16,$353.90 
10/1/2024,4,16,$264.53 
11/1/2024,4,16,$257.38 
12/1/2024,4,16,$343.15 
1/1/2024,5,3,$61.18 
2/1/2024,5,3,$49.37 
3/1/2024,5,3,$61.18 
4/1/2024,5,3,$125.01 
5/1/2024,5,3,$71.98 
6/1/2024,5,3,$87.13 
7/1/2024,5,3,$126.27 
8/1/2024,5,3,$122.48 
9/1/2024,5,3,$56.82 
10/1/2024,5,3,$60.61 
11/1/2024,5,3,$73.24 
12/1/2024,5,3,$104.81 
1/1/2024,5,8,$55.01 
2/1/2024,5,8,$49.64 
3/1/2024,5,8,$79.16 
4/1/2024,5,8,$102.60 
5/1/2024,5,8,$176.78 
6/1/2024,5,8,$126.27 
7/1/2024,5,8,$118.38 
8/1/2024,5,8,$178.36 
9/1/2024,5,8,$149.95 
10/1/2024,5,8,$195.72 
11/1/2024,5,8,$77.34 
12/1/2024,5,8,$113.65 
1/1/2024,5,10,$423.96 
2/1/2024,5,10,$493.73 
3/1/2024,5,10,$515.19 
4/1/2024,5,10,$770.27 
5/1/2024,5,10,$662.93 
6/1/2024,5,10,$404.07 
7/1/2024,5,10,$454.58 
8/1/2024,5,10,$265.17 
9/1/2024,5,10,$328.31 
10/1/2024,5,10,$359.88 
11/1/2024,5,10,$524.03 
12/1/2024,5,10,$340.94 
1/1/2024,5,12,$123.43 
2/1/2024,5,12,$203.93 
3/1/2024,5,12,$99.28 
4/1/2024,5,12,$309.37 
5/1/2024,5,12,$220.98 
6/1/2024,5,12,$176.78 
7/1/2024,5,12,$157.84 
8/1/2024,5,12,$195.72 
9/1/2024,5,12,$176.78 
10/1/2024,5,12,$255.70 
11/1/2024,5,12,$224.13 
12/1/2024,5,12,$312.53 
1/1/2024,5,13,$90.16 
2/1/2024,5,13,$167.44 
3/1/2024,5,13,$66.01 
4/1/2024,5,13,$191.30 
5/1/2024,5,13,$121.22 
6/1/2024,5,13,$125.01 
7/1/2024,5,13,$77.66 
8/1/2024,5,13,$128.80 
9/1/2024,5,13,$179.94 
10/1/2024,5,13,$147.74 
11/1/2024,5,13,$142.06 
12/1/2024,5,13,$140.19 
1/1/2024,5,2,$432.86 
2/1/2024,5,2,$657.02 
3/1/2024,5,2,$772.97 
4/1/2024,5,2,$472.88 
5/1/2024,5,2,$863.91 
6/1/2024,5,2,$936.66 
7/1/2024,5,2,$481.97 
8/1/2024,5,2,$609.28 
9/1/2024,5,2,$545.63 
10/1/2024,5,2,$472.88 
11/1/2024,5,2,$682.03 
12/1/2024,5,2,$509.25 
1/1/2024,5,7,$425.13 
2/1/2024,5,7,$380.04 
3/1/2024,5,7,$219.01 
4/1/2024,5,7,$371.33 
5/1/2024,5,7,$295.55 
6/1/2024,5,7,$719.92 
7/1/2024,5,7,$272.81 
8/1/2024,5,7,$863.91 
9/1/2024,5,7,$401.64 
10/1/2024,5,7,$826.02 
11/1/2024,5,7,$689.61 
12/1/2024,5,7,$765.39 
1/1/2024,5,9,$247.99 
2/1/2024,5,9,$694.38 
3/1/2024,5,9,$382.62 
4/1/2024,5,9,$441.81 
5/1/2024,5,9,$600.19 
6/1/2024,5,9,$366.78 
7/1/2024,5,9,$275.09 
8/1/2024,5,9,$291.76 
9/1/2024,5,9,$491.82 
10/1/2024,5,9,$675.21 
11/1/2024,5,9,$433.47 
12/1/2024,5,9,$700.22 
1/1/2024,5,14,$354.92 
2/1/2024,5,14,$299.85 
3/1/2024,5,14,$195.82 
4/1/2024,5,14,$496.75 
5/1/2024,5,14,$511.14 
6/1/2024,5,14,$208.78 
7/1/2024,5,14,$518.34 
8/1/2024,5,14,$388.76 
9/1/2024,5,14,$410.36 
10/1/2024,5,14,$417.56 
11/1/2024,5,14,$374.36 
12/1/2024,5,14,$554.32 
1/1/2024,5,1,$130.93 
2/1/2024,5,1,$69.61 
3/1/2024,5,1,$114.36 
4/1/2024,5,1,$163.79 
5/1/2024,5,1,$163.79 
6/1/2024,5,1,$93.59 
7/1/2024,5,1,$76.04 
8/1/2024,5,1,$105.29 
9/1/2024,5,1,$130.64 
10/1/2024,5,1,$140.39 
11/1/2024,5,1,$167.69 
12/1/2024,5,1,$60.45 
1/1/2024,5,4,$556.87 
2/1/2024,5,4,$576.76 
3/1/2024,5,4,$755.76 
4/1/2024,5,4,$620.05 
5/1/2024,5,4,$748.74 
6/1/2024,5,4,"$1,088.01 "
7/1/2024,5,4,$631.75 
8/1/2024,5,4,$573.25 
9/1/2024,5,4,$620.05 
10/1/2024,5,4,$678.54 
11/1/2024,5,4,$315.87 
12/1/2024,5,4,$409.47 
1/1/2024,5,5,$259.87 
2/1/2024,5,5,$318.21 
3/1/2024,5,5,$456.11 
4/1/2024,5,5,$374.37 
5/1/2024,5,5,$698.82 
6/1/2024,5,5,$299.50 
7/1/2024,5,5,$524.12 
8/1/2024,5,5,$536.60 
9/1/2024,5,5,$517.88 
10/1/2024,5,5,$467.96 
11/1/2024,5,5,$630.19 
12/1/2024,5,5,$611.47 
1/1/2024,5,6,$74.58 
2/1/2024,5,6,$99.44 
3/1/2024,5,6,$81.54 
4/1/2024,5,6,$80.72 
5/1/2024,5,6,$64.34 
6/1/2024,5,6,$73.70 
7/1/2024,5,6,$131.03 
8/1/2024,5,6,$64.34 
9/1/2024,5,6,$47.97 
10/1/2024,5,6,$71.36 
11/1/2024,5,6,$101.78 
12/1/2024,5,6,$66.68 
1/1/2024,5,11,$198.88 
2/1/2024,5,11,$198.88 
3/1/2024,5,11,$274.46 
4/1/2024,5,11,$444.56 
5/1/2024,5,11,$355.65 
6/1/2024,5,11,$350.97 
7/1/2024,5,11,$407.13 
8/1/2024,5,11,$369.69 
9/1/2024,5,11,$252.70 
10/1/2024,5,11,$393.09 
11/1/2024,5,11,$313.53 
12/1/2024,5,11,$355.65 
1/1/2024,5,15,$147.17 
2/1/2024,5,15,$67.62 
3/1/2024,5,15,$131.26 
4/1/2024,5,15,$85.79 
5/1/2024,5,15,$73.31 
6/1/2024,5,15,$84.23 
7/1/2024,5,15,$157.55 
8/1/2024,5,15,$126.35 
9/1/2024,5,15,$60.83 
10/1/2024,5,15,$42.12 
11/1/2024,5,15,$110.75 
12/1/2024,5,15,$141.95 
1/1/2024,5,16,$288.38 
2/1/2024,5,16,$142.53 
3/1/2024,5,16,$109.39 
4/1/2024,5,16,$187.18 
5/1/2024,5,16,$265.18 
6/1/2024,5,16,$284.68 
7/1/2024,5,16,$323.67 
8/1/2024,5,16,$280.78 
9/1/2024,5,16,$386.07 
10/1/2024,5,16,$288.58 
11/1/2024,5,16,$280.78 
12/1/2024,5,16,$374.39 
1/1/2024,6,3,$50.98 
2/1/2024,6,3,$41.14 
3/1/2024,6,3,$50.98 
4/1/2024,6,3,$104.18 
5/1/2024,6,3,$59.98 
6/1/2024,6,3,$72.61 
7/1/2024,6,3,$105.23 
8/1/2024,6,3,$102.07 
9/1/2024,6,3,$47.35 
10/1/2024,6,3,$50.51 
11/1/2024,6,3,$61.03 
12/1/2024,6,3,$87.34 
1/1/2024,6,8,$45.84 
2/1/2024,6,8,$41.37 
3/1/2024,6,8,$65.96 
4/1/2024,6,8,$85.50 
5/1/2024,6,8,$147.32 
6/1/2024,6,8,$105.23 
7/1/2024,6,8,$98.65 
8/1/2024,6,8,$148.63 
9/1/2024,6,8,$124.96 
10/1/2024,6,8,$163.10 
11/1/2024,6,8,$64.45 
12/1/2024,6,8,$94.70 
1/1/2024,6,10,$353.30 
2/1/2024,6,10,$411.44 
3/1/2024,6,10,$429.33 
4/1/2024,6,10,$641.89 
5/1/2024,6,10,$552.44 
6/1/2024,6,10,$336.73 
7/1/2024,6,10,$378.82 
8/1/2024,6,10,$220.98 
9/1/2024,6,10,$273.59 
10/1/2024,6,10,$299.90 
11/1/2024,6,10,$436.69 
12/1/2024,6,10,$284.11 
1/1/2024,6,12,$102.86 
2/1/2024,6,12,$169.94 
3/1/2024,6,12,$82.74 
4/1/2024,6,12,$257.81 
5/1/2024,6,12,$184.15 
6/1/2024,6,12,$147.32 
7/1/2024,6,12,$131.53 
8/1/2024,6,12,$163.10 
9/1/2024,6,12,$147.32 
10/1/2024,6,12,$213.09 
11/1/2024,6,12,$186.78 
12/1/2024,6,12,$260.44 
1/1/2024,6,13,$75.13 
2/1/2024,6,13,$139.53 
3/1/2024,6,13,$55.01 
4/1/2024,6,13,$159.42 
5/1/2024,6,13,$101.02 
6/1/2024,6,13,$104.18 
7/1/2024,6,13,$64.71 
8/1/2024,6,13,$107.33 
9/1/2024,6,13,$149.95 
10/1/2024,6,13,$123.12 
11/1/2024,6,13,$118.38 
12/1/2024,6,13,$116.81 
1/1/2024,6,2,$360.72 
2/1/2024,6,2,$547.52 
3/1/2024,6,2,$644.14 
4/1/2024,6,2,$394.06 
5/1/2024,6,2,$719.92 
6/1/2024,6,2,$780.55 
7/1/2024,6,2,$401.64 
8/1/2024,6,2,$507.73 
9/1/2024,6,2,$454.69 
10/1/2024,6,2,$394.06 
11/1/2024,6,2,$568.36 
12/1/2024,6,2,$424.38 
1/1/2024,6,7,$354.28 
2/1/2024,6,7,$316.70 
3/1/2024,6,7,$182.51 
4/1/2024,6,7,$309.44 
5/1/2024,6,7,$246.29 
6/1/2024,6,7,$599.94 
7/1/2024,6,7,$227.34 
8/1/2024,6,7,$719.92 
9/1/2024,6,7,$334.70 
10/1/2024,6,7,$688.35 
11/1/2024,6,7,$574.67 
12/1/2024,6,7,$637.83 
1/1/2024,6,9,$206.66 
2/1/2024,6,9,$578.65 
3/1/2024,6,9,$318.85 
4/1/2024,6,9,$368.17 
5/1/2024,6,9,$500.16 
6/1/2024,6,9,$305.65 
7/1/2024,6,9,$229.24 
8/1/2024,6,9,$243.13 
9/1/2024,6,9,$409.85 
10/1/2024,6,9,$562.68 
11/1/2024,6,9,$361.22 
12/1/2024,6,9,$583.52 
1/1/2024,6,14,$295.77 
2/1/2024,6,14,$249.87 
3/1/2024,6,14,$163.18 
4/1/2024,6,14,$413.96 
5/1/2024,6,14,$425.95 
6/1/2024,6,14,$173.98 
7/1/2024,6,14,$431.95 
8/1/2024,6,14,$323.97 
9/1/2024,6,14,$341.96 
10/1/2024,6,14,$347.96 
11/1/2024,6,14,$311.97 
12/1/2024,6,14,$461.96 
1/1/2024,6,1,$109.11 
2/1/2024,6,1,$58.01 
3/1/2024,6,1,$95.30 
4/1/2024,6,1,$136.49 
5/1/2024,6,1,$136.49 
6/1/2024,6,1,$77.99 
7/1/2024,6,1,$63.37 
8/1/2024,6,1,$87.74 
9/1/2024,6,1,$108.87 
10/1/2024,6,1,$116.99 
11/1/2024,6,1,$139.74 
12/1/2024,6,1,$50.37 
1/1/2024,6,4,$464.06 
2/1/2024,6,4,$480.64 
3/1/2024,6,4,$629.80 
4/1/2024,6,4,$516.71 
5/1/2024,6,4,$623.95 
6/1/2024,6,4,$906.68 
7/1/2024,6,4,$526.46 
8/1/2024,6,4,$477.71 
9/1/2024,6,4,$516.71 
10/1/2024,6,4,$565.45 
11/1/2024,6,4,$263.23 
12/1/2024,6,4,$341.22 
1/1/2024,6,5,$216.56 
2/1/2024,6,5,$265.18 
3/1/2024,6,5,$380.09 
4/1/2024,6,5,$311.97 
5/1/2024,6,5,$582.35 
6/1/2024,6,5,$249.58 
7/1/2024,6,5,$436.76 
8/1/2024,6,5,$447.16 
9/1/2024,6,5,$431.56 
10/1/2024,6,5,$389.97 
11/1/2024,6,5,$525.16 
12/1/2024,6,5,$509.56 
1/1/2024,6,6,$62.15 
2/1/2024,6,6,$82.87 
3/1/2024,6,6,$67.95 
4/1/2024,6,6,$67.27 
5/1/2024,6,6,$53.62 
6/1/2024,6,6,$61.42 
7/1/2024,6,6,$109.19 
8/1/2024,6,6,$53.62 
9/1/2024,6,6,$39.97 
10/1/2024,6,6,$59.47 
11/1/2024,6,6,$84.82 
12/1/2024,6,6,$55.57 
1/1/2024,6,11,$165.74 
2/1/2024,6,11,$165.74 
3/1/2024,6,11,$228.72 
4/1/2024,6,11,$370.47 
5/1/2024,6,11,$296.38 
6/1/2024,6,11,$292.48 
7/1/2024,6,11,$339.27 
8/1/2024,6,11,$308.07 
9/1/2024,6,11,$210.58 
10/1/2024,6,11,$327.57 
11/1/2024,6,11,$261.28 
12/1/2024,6,11,$296.38 
1/1/2024,6,15,$122.64 
2/1/2024,6,15,$56.35 
3/1/2024,6,15,$109.39 
4/1/2024,6,15,$71.49 
5/1/2024,6,15,$61.09 
6/1/2024,6,15,$70.19 
7/1/2024,6,15,$131.29 
8/1/2024,6,15,$105.29 
9/1/2024,6,15,$50.70 
10/1/2024,6,15,$35.10 
11/1/2024,6,15,$92.29 
12/1/2024,6,15,$118.29 
1/1/2024,6,16,$240.32 
2/1/2024,6,16,$118.78 
3/1/2024,6,16,$91.15 
4/1/2024,6,16,$155.99 
5/1/2024,6,16,$220.98 
6/1/2024,6,16,$237.23 
7/1/2024,6,16,$269.73 
8/1/2024,6,16,$233.98 
9/1/2024,6,16,$321.72 
10/1/2024,6,16,$240.48 
11/1/2024,6,16,$233.98 
12/1/2024,6,16,$311.96 
1/1/2024,7,3,$56.08 
2/1/2024,7,3,$45.26 
3/1/2024,7,3,$56.08 
4/1/2024,7,3,$114.59 
5/1/2024,7,3,$65.98 
6/1/2024,7,3,$79.87 
7/1/2024,7,3,$115.75 
8/1/2024,7,3,$112.28 
9/1/2024,7,3,$52.09 
10/1/2024,7,3,$55.56 
11/1/2024,7,3,$67.14 
12/1/2024,7,3,$96.07 
1/1/2024,7,8,$50.42 
2/1/2024,7,8,$45.50 
3/1/2024,7,8,$72.56 
4/1/2024,7,8,$94.05 
5/1/2024,7,8,$162.05 
6/1/2024,7,8,$115.75 
7/1/2024,7,8,$108.52 
8/1/2024,7,8,$163.50 
9/1/2024,7,8,$137.45 
10/1/2024,7,8,$179.41 
11/1/2024,7,8,$70.90 
12/1/2024,7,8,$104.18 
1/1/2024,7,10,$388.63 
2/1/2024,7,10,$452.58 
3/1/2024,7,10,$472.26 
4/1/2024,7,10,$706.08 
5/1/2024,7,10,$607.69 
6/1/2024,7,10,$370.40 
7/1/2024,7,10,$416.70 
8/1/2024,7,10,$243.08 
9/1/2024,7,10,$300.95 
10/1/2024,7,10,$329.89 
11/1/2024,7,10,$480.36 
12/1/2024,7,10,$312.53 
1/1/2024,7,12,$113.15 
2/1/2024,7,12,$186.94 
3/1/2024,7,12,$91.01 
4/1/2024,7,12,$283.59 
5/1/2024,7,12,$202.56 
6/1/2024,7,12,$162.05 
7/1/2024,7,12,$144.69 
8/1/2024,7,12,$179.41 
9/1/2024,7,12,$162.05 
10/1/2024,7,12,$234.39 
11/1/2024,7,12,$205.46 
12/1/2024,7,12,$286.48 
1/1/2024,7,13,$82.65 
2/1/2024,7,13,$153.48 
3/1/2024,7,13,$60.51 
4/1/2024,7,13,$175.36 
5/1/2024,7,13,$111.12 
6/1/2024,7,13,$114.59 
7/1/2024,7,13,$71.19 
8/1/2024,7,13,$118.07 
9/1/2024,7,13,$164.94 
10/1/2024,7,13,$135.43 
11/1/2024,7,13,$130.22 
12/1/2024,7,13,$128.47 
1/1/2024,7,2,$396.79 
2/1/2024,7,2,$602.27 
3/1/2024,7,2,$708.56 
4/1/2024,7,2,$433.47 
5/1/2024,7,2,$791.91 
6/1/2024,7,2,$858.60 
7/1/2024,7,2,$441.81 
8/1/2024,7,2,$558.51 
9/1/2024,7,2,$500.16 
10/1/2024,7,2,$433.47 
11/1/2024,7,2,$625.20 
12/1/2024,7,2,$466.81 
1/1/2024,7,7,$389.71 
2/1/2024,7,7,$348.37 
3/1/2024,7,7,$200.76 
4/1/2024,7,7,$340.38 
5/1/2024,7,7,$270.92 
6/1/2024,7,7,$659.93 
7/1/2024,7,7,$250.08 
8/1/2024,7,7,$791.91 
9/1/2024,7,7,$368.17 
10/1/2024,7,7,$757.18 
11/1/2024,7,7,$632.14 
12/1/2024,7,7,$701.61 
1/1/2024,7,9,$227.33 
2/1/2024,7,9,$636.52 
3/1/2024,7,9,$350.73 
4/1/2024,7,9,$404.99 
5/1/2024,7,9,$550.17 
6/1/2024,7,9,$336.22 
7/1/2024,7,9,$252.16 
8/1/2024,7,9,$267.44 
9/1/2024,7,9,$450.84 
10/1/2024,7,9,$618.94 
11/1/2024,7,9,$397.35 
12/1/2024,7,9,$641.87 
1/1/2024,7,14,$325.34 
2/1/2024,7,14,$274.86 
3/1/2024,7,14,$179.50 
4/1/2024,7,14,$455.35 
5/1/2024,7,14,$468.55 
6/1/2024,7,14,$191.38 
7/1/2024,7,14,$475.15 
8/1/2024,7,14,$356.36 
9/1/2024,7,14,$376.16 
10/1/2024,7,14,$382.76 
11/1/2024,7,14,$343.16 
12/1/2024,7,14,$508.15 
1/1/2024,7,1,$120.02 
2/1/2024,7,1,$63.81 
3/1/2024,7,1,$104.83 
4/1/2024,7,1,$150.14 
5/1/2024,7,1,$150.14 
6/1/2024,7,1,$85.79 
7/1/2024,7,1,$69.71 
8/1/2024,7,1,$96.52 
9/1/2024,7,1,$119.75 
10/1/2024,7,1,$128.69 
11/1/2024,7,1,$153.71 
12/1/2024,7,1,$55.41 
1/1/2024,7,4,$510.47 
2/1/2024,7,4,$528.70 
3/1/2024,7,4,$692.78 
4/1/2024,7,4,$568.38 
5/1/2024,7,4,$686.34 
6/1/2024,7,4,$997.34 
7/1/2024,7,4,$579.10 
8/1/2024,7,4,$525.48 
9/1/2024,7,4,$568.38 
10/1/2024,7,4,$622.00 
11/1/2024,7,4,$289.55 
12/1/2024,7,4,$375.34 
1/1/2024,7,5,$238.22 
2/1/2024,7,5,$291.70 
3/1/2024,7,5,$418.10 
4/1/2024,7,5,$343.17 
5/1/2024,7,5,$640.59 
6/1/2024,7,5,$274.54 
7/1/2024,7,5,$480.44 
8/1/2024,7,5,$491.88 
9/1/2024,7,5,$474.72 
10/1/2024,7,5,$428.96 
11/1/2024,7,5,$577.67 
12/1/2024,7,5,$560.51 
1/1/2024,7,6,$68.37 
2/1/2024,7,6,$91.15 
3/1/2024,7,6,$74.75 
4/1/2024,7,6,$74.00 
5/1/2024,7,6,$58.98 
6/1/2024,7,6,$67.56 
7/1/2024,7,6,$120.11 
8/1/2024,7,6,$58.98 
9/1/2024,7,6,$43.97 
10/1/2024,7,6,$65.42 
11/1/2024,7,6,$93.30 
12/1/2024,7,6,$61.13 
1/1/2024,7,11,$182.31 
2/1/2024,7,11,$182.31 
3/1/2024,7,11,$251.59 
4/1/2024,7,11,$407.52 
5/1/2024,7,11,$326.01 
6/1/2024,7,11,$321.72 
7/1/2024,7,11,$373.20 
8/1/2024,7,11,$338.88 
9/1/2024,7,11,$231.64 
10/1/2024,7,11,$360.33 
11/1/2024,7,11,$287.41 
12/1/2024,7,11,$326.01 
1/1/2024,7,15,$134.91 
2/1/2024,7,15,$61.99 
3/1/2024,7,15,$120.32 
4/1/2024,7,15,$78.64 
5/1/2024,7,15,$67.20 
6/1/2024,7,15,$77.21 
7/1/2024,7,15,$144.42 
8/1/2024,7,15,$115.82 
9/1/2024,7,15,$55.77 
10/1/2024,7,15,$38.61 
11/1/2024,7,15,$101.52 
12/1/2024,7,15,$130.12 
1/1/2024,7,16,$264.35 
2/1/2024,7,16,$130.66 
3/1/2024,7,16,$100.27 
4/1/2024,7,16,$171.59 
5/1/2024,7,16,$243.08 
6/1/2024,7,16,$260.95 
7/1/2024,7,16,$296.70 
8/1/2024,7,16,$257.38 
9/1/2024,7,16,$353.90 
10/1/2024,7,16,$264.53 
11/1/2024,7,16,$257.38 
12/1/2024,7,16,$343.15 
1/1/2024,8,3,$50.98 
2/1/2024,8,3,$41.14 
3/1/2024,8,3,$50.98 
4/1/2024,8,3,$104.18 
5/1/2024,8,3,$59.98 
6/1/2024,8,3,$72.61 
7/1/2024,8,3,$105.23 
8/1/2024,8,3,$102.07 
9/1/2024,8,3,$47.35 
10/1/2024,8,3,$50.51 
11/1/2024,8,3,$61.03 
12/1/2024,8,3,$87.34 
1/1/2024,8,8,$45.84 
2/1/2024,8,8,$41.37 
3/1/2024,8,8,$65.96 
4/1/2024,8,8,$85.50 
5/1/2024,8,8,$147.32 
6/1/2024,8,8,$105.23 
7/1/2024,8,8,$98.65 
8/1/2024,8,8,$148.63 
9/1/2024,8,8,$124.96 
10/1/2024,8,8,$163.10 
11/1/2024,8,8,$64.45 
12/1/2024,8,8,$94.70 
1/1/2024,8,10,$353.30 
2/1/2024,8,10,$411.44 
3/1/2024,8,10,$429.33 
4/1/2024,8,10,$641.89 
5/1/2024,8,10,$552.44 
6/1/2024,8,10,$336.73 
7/1/2024,8,10,$378.82 
8/1/2024,8,10,$220.98 
9/1/2024,8,10,$273.59 
10/1/2024,8,10,$299.90 
11/1/2024,8,10,$436.69 
12/1/2024,8,10,$284.11 
1/1/2024,8,12,$102.86 
2/1/2024,8,12,$169.94 
3/1/2024,8,12,$82.74 
4/1/2024,8,12,$257.81 
5/1/2024,8,12,$184.15 
6/1/2024,8,12,$147.32 
7/1/2024,8,12,$131.53 
8/1/2024,8,12,$163.10 
9/1/2024,8,12,$147.32 
10/1/2024,8,12,$213.09 
11/1/2024,8,12,$186.78 
12/1/2024,8,12,$260.44 
1/1/2024,8,13,$75.13 
2/1/2024,8,13,$139.53 
3/1/2024,8,13,$55.01 
4/1/2024,8,13,$159.42 
5/1/2024,8,13,$101.02 
6/1/2024,8,13,$104.18 
7/1/2024,8,13,$64.71 
8/1/2024,8,13,$107.33 
9/1/2024,8,13,$149.95 
10/1/2024,8,13,$123.12 
11/1/2024,8,13,$118.38 
12/1/2024,8,13,$116.81 
1/1/2024,8,2,$360.72 
2/1/2024,8,2,$547.52 
3/1/2024,8,2,$644.14 
4/1/2024,8,2,$394.06 
5/1/2024,8,2,$719.92 
6/1/2024,8,2,$780.55 
7/1/2024,8,2,$401.64 
8/1/2024,8,2,$507.73 
9/1/2024,8,2,$454.69 
10/1/2024,8,2,$394.06 
11/1/2024,8,2,$568.36 
12/1/2024,8,2,$424.38 
1/1/2024,8,7,$354.28 
2/1/2024,8,7,$316.70 
3/1/2024,8,7,$182.51 
4/1/2024,8,7,$309.44 
5/1/2024,8,7,$246.29 
6/1/2024,8,7,$599.94 
7/1/2024,8,7,$227.34 
8/1/2024,8,7,$719.92 
9/1/2024,8,7,$334.70 
10/1/2024,8,7,$688.35 
11/1/2024,8,7,$574.67 
12/1/2024,8,7,$637.83 
1/1/2024,8,9,$206.66 
2/1/2024,8,9,$578.65 
3/1/2024,8,9,$318.85 
4/1/2024,8,9,$368.17 
5/1/2024,8,9,$500.16 
6/1/2024,8,9,$305.65 
7/1/2024,8,9,$229.24 
8/1/2024,8,9,$243.13 
9/1/2024,8,9,$409.85 
10/1/2024,8,9,$562.68 
11/1/2024,8,9,$361.22 
12/1/2024,8,9,$583.52 
1/1/2024,8,14,$295.77 
2/1/2024,8,14,$249.87 
3/1/2024,8,14,$163.18 
4/1/2024,8,14,$413.96 
5/1/2024,8,14,$425.95 
6/1/2024,8,14,$173.98 
7/1/2024,8,14,$431.95 
8/1/2024,8,14,$323.97 
9/1/2024,8,14,$341.96 
10/1/2024,8,14,$347.96 
11/1/2024,8,14,$311.97 
12/1/2024,8,14,$461.96 
1/1/2024,8,1,$109.11 
2/1/2024,8,1,$58.01 
3/1/2024,8,1,$95.30 
4/1/2024,8,1,$136.49 
5/1/2024,8,1,$136.49 
6/1/2024,8,1,$77.99 
7/1/2024,8,1,$63.37 
8/1/2024,8,1,$87.74 
9/1/2024,8,1,$108.87 
10/1/2024,8,1,$116.99 
11/1/2024,8,1,$139.74 
12/1/2024,8,1,$50.37 
1/1/2024,8,4,$464.06 
2/1/2024,8,4,$480.64 
3/1/2024,8,4,$629.80 
4/1/2024,8,4,$516.71 
5/1/2024,8,4,$623.95 
6/1/2024,8,4,$906.68 
7/1/2024,8,4,$526.46 
8/1/2024,8,4,$477.71 
9/1/2024,8,4,$516.71 
10/1/2024,8,4,$565.45 
11/1/2024,8,4,$263.23 
12/1/2024,8,4,$341.22 
1/1/2024,8,5,$216.56 
2/1/2024,8,5,$265.18 
3/1/2024,8,5,$380.09 
4/1/2024,8,5,$311.97 
5/1/2024,8,5,$582.35 
6/1/2024,8,5,$249.58 
7/1/2024,8,5,$436.76 
8/1/2024,8,5,$447.16 
9/1/2024,8,5,$431.56 
10/1/2024,8,5,$389.97 
11/1/2024,8,5,$525.16 
12/1/2024,8,5,$509.56 
1/1/2024,8,6,$62.15 
2/1/2024,8,6,$82.87 
3/1/2024,8,6,$67.95 
4/1/2024,8,6,$67.27 
5/1/2024,8,6,$53.62 
6/1/2024,8,6,$61.42 
7/1/2024,8,6,$109.19 
8/1/2024,8,6,$53.62 
9/1/2024,8,6,$39.97 
10/1/2024,8,6,$59.47 
11/1/2024,8,6,$84.82 
12/1/2024,8,6,$55.57 
1/1/2024,8,11,$165.74 
2/1/2024,8,11,$165.74 
3/1/2024,8,11,$228.72 
4/1/2024,8,11,$370.47 
5/1/2024,8,11,$296.38 
6/1/2024,8,11,$292.48 
7/1/2024,8,11,$339.27 
8/1/2024,8,11,$308.07 
9/1/2024,8,11,$210.58 
10/1/2024,8,11,$327.57 
11/1/2024,8,11,$261.28 
12/1/2024,8,11,$296.38 
1/1/2024,8,15,$122.64 
2/1/2024,8,15,$56.35 
3/1/2024,8,15,$109.39 
4/1/2024,8,15,$71.49 
5/1/2024,8,15,$61.09 
6/1/2024,8,15,$70.19 
7/1/2024,8,15,$131.29 
8/1/2024,8,15,$105.29 
9/1/2024,8,15,$50.70 
10/1/2024,8,15,$35.10 
11/1/2024,8,15,$92.29 
12/1/2024,8,15,$118.29 
1/1/2024,8,16,$240.32 
2/1/2024,8,16,$118.78 
3/1/2024,8,16,$91.15 
4/1/2024,8,16,$155.99 
5/1/2024,8,16,$220.98 
6/1/2024,8,16,$237.23 
7/1/2024,8,16,$269.73 
8/1/2024,8,16,$233.98 
9/1/2024,8,16,$321.72 
10/1/2024,8,16,$240.48 
11/1/2024,8,16,$233.98 
12/1/2024,8,16,$311.96 
1/1/2024,9,3,$50.98 
2/1/2024,9,3,$41.14 
3/1/2024,9,3,$50.98 
4/1/2024,9,3,$104.18 
5/1/2024,9,3,$59.98 
6/1/2024,9,3,$72.61 
7/1/2024,9,3,$105.23 
8/1/2024,9,3,$102.07 
9/1/2024,9,3,$47.35 
10/1/2024,9,3,$50.51 
11/1/2024,9,3,$61.03 
12/1/2024,9,3,$87.34 
1/1/2024,9,8,$45.84 
2/1/2024,9,8,$41.37 
3/1/2024,9,8,$65.96 
4/1/2024,9,8,$85.50 
5/1/2024,9,8,$147.32 
6/1/2024,9,8,$105.23 
7/1/2024,9,8,$98.65 
8/1/2024,9,8,$148.63 
9/1/2024,9,8,$124.96 
10/1/2024,9,8,$163.10 
11/1/2024,9,8,$64.45 
12/1/2024,9,8,$94.70 
1/1/2024,9,10,$353.30 
2/1/2024,9,10,$411.44 
3/1/2024,9,10,$429.33 
4/1/2024,9,10,$641.89 
5/1/2024,9,10,$552.44 
6/1/2024,9,10,$336.73 
7/1/2024,9,10,$378.82 
8/1/2024,9,10,$220.98 
9/1/2024,9,10,$273.59 
10/1/2024,9,10,$299.90 
11/1/2024,9,10,$436.69 
12/1/2024,9,10,$284.11 
1/1/2024,9,12,$102.86 
2/1/2024,9,12,$169.94 
3/1/2024,9,12,$82.74 
4/1/2024,9,12,$257.81 
5/1/2024,9,12,$184.15 
6/1/2024,9,12,$147.32 
7/1/2024,9,12,$131.53 
8/1/2024,9,12,$163.10 
9/1/2024,9,12,$147.32 
10/1/2024,9,12,$213.09 
11/1/2024,9,12,$186.78 
12/1/2024,9,12,$260.44 
1/1/2024,9,13,$75.13 
2/1/2024,9,13,$139.53 
3/1/2024,9,13,$55.01 
4/1/2024,9,13,$159.42 
5/1/2024,9,13,$101.02 
6/1/2024,9,13,$104.18 
7/1/2024,9,13,$64.71 
8/1/2024,9,13,$107.33 
9/1/2024,9,13,$149.95 
10/1/2024,9,13,$123.12 
11/1/2024,9,13,$118.38 
12/1/2024,9,13,$116.81 
1/1/2024,9,2,$360.72 
2/1/2024,9,2,$547.52 
3/1/2024,9,2,$644.14 
4/1/2024,9,2,$394.06 
5/1/2024,9,2,$719.92 
6/1/2024,9,2,$780.55 
7/1/2024,9,2,$401.64 
8/1/2024,9,2,$507.73 
9/1/2024,9,2,$454.69 
10/1/2024,9,2,$394.06 
11/1/2024,9,2,$568.36 
12/1/2024,9,2,$424.38 
1/1/2024,9,7,$354.28 
2/1/2024,9,7,$316.70 
3/1/2024,9,7,$182.51 
4/1/2024,9,7,$309.44 
5/1/2024,9,7,$246.29 
6/1/2024,9,7,$599.94 
7/1/2024,9,7,$227.34 
8/1/2024,9,7,$719.92 
9/1/2024,9,7,$334.70 
10/1/2024,9,7,$688.35 
11/1/2024,9,7,$574.67 
12/1/2024,9,7,$637.83 
1/1/2024,9,9,$206.66 
2/1/2024,9,9,$578.65 
3/1/2024,9,9,$318.85 
4/1/2024,9,9,$368.17 
5/1/2024,9,9,$500.16 
6/1/2024,9,9,$305.65 
7/1/2024,9,9,$229.24 
8/1/2024,9,9,$243.13 
9/1/2024,9,9,$409.85 
10/1/2024,9,9,$562.68 
11/1/2024,9,9,$361.22 
12/1/2024,9,9,$583.52 
1/1/2024,9,14,$295.77 
2/1/2024,9,14,$249.87 
3/1/2024,9,14,$163.18 
4/1/2024,9,14,$413.96 
5/1/2024,9,14,$425.95 
6/1/2024,9,14,$173.98 
7/1/2024,9,14,$431.95 
8/1/2024,9,14,$323.97 
9/1/2024,9,14,$341.96 
10/1/2024,9,14,$347.96 
11/1/2024,9,14,$311.97 
12/1/2024,9,14,$461.96 
1/1/2024,9,1,$109.11 
2/1/2024,9,1,$58.01 
3/1/2024,9,1,$95.30 
4/1/2024,9,1,$136.49 
5/1/2024,9,1,$136.49 
6/1/2024,9,1,$77.99 
7/1/2024,9,1,$63.37 
8/1/2024,9,1,$87.74 
9/1/2024,9,1,$108.87 
10/1/2024,9,1,$116.99 
11/1/2024,9,1,$139.74 
12/1/2024,9,1,$50.37 
1/1/2024,9,4,$464.06 
2/1/2024,9,4,$480.64 
3/1/2024,9,4,$629.80 
4/1/2024,9,4,$516.71 
5/1/2024,9,4,$623.95 
6/1/2024,9,4,$906.68 
7/1/2024,9,4,$526.46 
8/1/2024,9,4,$477.71 
9/1/2024,9,4,$516.71 
10/1/2024,9,4,$565.45 
11/1/2024,9,4,$263.23 
12/1/2024,9,4,$341.22 
1/1/2024,9,5,$216.56 
2/1/2024,9,5,$265.18 
3/1/2024,9,5,$380.09 
4/1/2024,9,5,$311.97 
5/1/2024,9,5,$582.35 
6/1/2024,9,5,$249.58 
7/1/2024,9,5,$436.76 
8/1/2024,9,5,$447.16 
9/1/2024,9,5,$431.56 
10/1/2024,9,5,$389.97 
11/1/2024,9,5,$525.16 
12/1/2024,9,5,$509.56 
1/1/2024,9,6,$62.15 
2/1/2024,9,6,$82.87 
3/1/2024,9,6,$67.95 
4/1/2024,9,6,$67.27 
5/1/2024,9,6,$53.62 
6/1/2024,9,6,$61.42 
7/1/2024,9,6,$109.19 
8/1/2024,9,6,$53.62 
9/1/2024,9,6,$39.97 
10/1/2024,9,6,$59.47 
11/1/2024,9,6,$84.82 
12/1/2024,9,6,$55.57 
1/1/2024,9,11,$165.74 
2/1/2024,9,11,$165.74 
3/1/2024,9,11,$228.72 
4/1/2024,9,11,$370.47 
5/1/2024,9,11,$296.38 
6/1/2024,9,11,$292.48 
7/1/2024,9,11,$339.27 
8/1/2024,9,11,$308.07 
9/1/2024,9,11,$210.58 
10/1/2024,9,11,$327.57 
11/1/2024,9,11,$261.28 
12/1/2024,9,11,$296.38 
1/1/2024,9,15,$122.64 
2/1/2024,9,15,$56.35 
3/1/2024,9,15,$109.39 
4/1/2024,9,15,$71.49 
5/1/2024,9,15,$61.09 
6/1/2024,9,15,$70.19 
7/1/2024,9,15,$131.29 
8/1/2024,9,15,$105.29 
9/1/2024,9,15,$50.70 
10/1/2024,9,15,$35.10 
11/1/2024,9,15,$92.29 
12/1/2024,9,15,$118.29 
1/1/2024,9,16,$240.32 
2/1/2024,9,16,$118.78 
3/1/2024,9,16,$91.15 
4/1/2024,9,16,$155.99 
5/1/2024,9,16,$220.98 
6/1/2024,9,16,$237.23 
7/1/2024,9,16,$269.73 
8/1/2024,9,16,$233.98 
9/1/2024,9,16,$321.72 
10/1/2024,9,16,$240.48 
11/1/2024,9,16,$233.98 
12/1/2024,9,16,$311.96 
1/1/2024,10,3,$56.08 
2/1/2024,10,3,$45.26 
3/1/2024,10,3,$56.08 
4/1/2024,10,3,$114.59 
5/1/2024,10,3,$65.98 
6/1/2024,10,3,$79.87 
7/1/2024,10,3,$115.75 
8/1/2024,10,3,$112.28 
9/1/2024,10,3,$52.09 
10/1/2024,10,3,$55.56 
11/1/2024,10,3,$67.14 
12/1/2024,10,3,$96.07 
1/1/2024,10,8,$50.42 
2/1/2024,10,8,$45.50 
3/1/2024,10,8,$72.56 
4/1/2024,10,8,$94.05 
5/1/2024,10,8,$162.05 
6/1/2024,10,8,$115.75 
7/1/2024,10,8,$108.52 
8/1/2024,10,8,$163.50 
9/1/2024,10,8,$137.45 
10/1/2024,10,8,$179.41 
11/1/2024,10,8,$70.90 
12/1/2024,10,8,$104.18 
1/1/2024,10,10,$388.63 
2/1/2024,10,10,$452.58 
3/1/2024,10,10,$472.26 
4/1/2024,10,10,$706.08 
5/1/2024,10,10,$607.69 
6/1/2024,10,10,$370.40 
7/1/2024,10,10,$416.70 
8/1/2024,10,10,$243.08 
9/1/2024,10,10,$300.95 
10/1/2024,10,10,$329.89 
11/1/2024,10,10,$480.36 
12/1/2024,10,10,$312.53 
1/1/2024,10,12,$113.15 
2/1/2024,10,12,$186.94 
3/1/2024,10,12,$91.01 
4/1/2024,10,12,$283.59 
5/1/2024,10,12,$202.56 
6/1/2024,10,12,$162.05 
7/1/2024,10,12,$144.69 
8/1/2024,10,12,$179.41 
9/1/2024,10,12,$162.05 
10/1/2024,10,12,$234.39 
11/1/2024,10,12,$205.46 
12/1/2024,10,12,$286.48 
1/1/2024,10,13,$82.65 
2/1/2024,10,13,$153.48 
3/1/2024,10,13,$60.51 
4/1/2024,10,13,$175.36 
5/1/2024,10,13,$111.12 
6/1/2024,10,13,$114.59 
7/1/2024,10,13,$71.19 
8/1/2024,10,13,$118.07 
9/1/2024,10,13,$164.94 
10/1/2024,10,13,$135.43 
11/1/2024,10,13,$130.22 
12/1/2024,10,13,$128.47 
1/1/2024,10,2,$396.79 
2/1/2024,10,2,$602.27 
3/1/2024,10,2,$708.56 
4/1/2024,10,2,$433.47 
5/1/2024,10,2,$791.91 
6/1/2024,10,2,$858.60 
7/1/2024,10,2,$441.81 
8/1/2024,10,2,$558.51 
9/1/2024,10,2,$500.16 
10/1/2024,10,2,$433.47 
11/1/2024,10,2,$625.20 
12/1/2024,10,2,$466.81 
1/1/2024,10,7,$389.71 
2/1/2024,10,7,$348.37 
3/1/2024,10,7,$200.76 
4/1/2024,10,7,$340.38 
5/1/2024,10,7,$270.92 
6/1/2024,10,7,$659.93 
7/1/2024,10,7,$250.08 
8/1/2024,10,7,$791.91 
9/1/2024,10,7,$368.17 
10/1/2024,10,7,$757.18 
11/1/2024,10,7,$632.14 
12/1/2024,10,7,$701.61 
1/1/2024,10,9,$227.33 
2/1/2024,10,9,$636.52 
3/1/2024,10,9,$350.73 
4/1/2024,10,9,$404.99 
5/1/2024,10,9,$550.17 
6/1/2024,10,9,$336.22 
7/1/2024,10,9,$252.16 
8/1/2024,10,9,$267.44 
9/1/2024,10,9,$450.84 
10/1/2024,10,9,$618.94 
11/1/2024,10,9,$397.35 
12/1/2024,10,9,$641.87 
1/1/2024,10,14,$325.34 
2/1/2024,10,14,$274.86 
3/1/2024,10,14,$179.50 
4/1/2024,10,14,$455.35 
5/1/2024,10,14,$468.55 
6/1/2024,10,14,$191.38 
7/1/2024,10,14,$475.15 
8/1/2024,10,14,$356.36 
9/1/2024,10,14,$376.16 
10/1/2024,10,14,$382.76 
11/1/2024,10,14,$343.16 
12/1/2024,10,14,$508.15 
1/1/2024,10,1,$120.02 
2/1/2024,10,1,$63.81 
3/1/2024,10,1,$104.83 
4/1/2024,10,1,$150.14 
5/1/2024,10,1,$150.14 
6/1/2024,10,1,$85.79 
7/1/2024,10,1,$69.71 
8/1/2024,10,1,$96.52 
9/1/2024,10,1,$119.75 
10/1/2024,10,1,$128.69 
11/1/2024,10,1,$153.71 
12/1/2024,10,1,$55.41 
1/1/2024,10,4,$510.47 
2/1/2024,10,4,$528.70 
3/1/2024,10,4,$692.78 
4/1/2024,10,4,$568.38 
5/1/2024,10,4,$686.34 
6/1/2024,10,4,$997.34 
7/1/2024,10,4,$579.10 
8/1/2024,10,4,$525.48 
9/1/2024,10,4,$568.38 
10/1/2024,10,4,$622.00 
11/1/2024,10,4,$289.55 
12/1/2024,10,4,$375.34 
1/1/2024,10,5,$238.22 
2/1/2024,10,5,$291.70 
3/1/2024,10,5,$418.10 
4/1/2024,10,5,$343.17 
5/1/2024,10,5,$640.59 
6/1/2024,10,5,$274.54 
7/1/2024,10,5,$480.44 
8/1/2024,10,5,$491.88 
9/1/2024,10,5,$474.72 
10/1/2024,10,5,$428.96 
11/1/2024,10,5,$577.67 
12/1/2024,10,5,$560.51 
1/1/2024,10,6,$68.37 
2/1/2024,10,6,$91.15 
3/1/2024,10,6,$74.75 
4/1/2024,10,6,$74.00 
5/1/2024,10,6,$58.98 
6/1/2024,10,6,$67.56 
7/1/2024,10,6,$120.11 
8/1/2024,10,6,$58.98 
9/1/2024,10,6,$43.97 
10/1/2024,10,6,$65.42 
11/1/2024,10,6,$93.30 
12/1/2024,10,6,$61.13 
1/1/2024,10,11,$182.31 
2/1/2024,10,11,$182.31 
3/1/2024,10,11,$251.59 
4/1/2024,10,11,$407.52 
5/1/2024,10,11,$326.01 
6/1/2024,10,11,$321.72 
7/1/2024,10,11,$373.20 
8/1/2024,10,11,$338.88 
9/1/2024,10,11,$231.64 
10/1/2024,10,11,$360.33 
11/1/2024,10,11,$287.41 
12/1/2024,10,11,$326.01 
1/1/2024,10,15,$134.91 
2/1/2024,10,15,$61.99 
3/1/2024,10,15,$120.32 
4/1/2024,10,15,$78.64 
5/1/2024,10,15,$67.20 
6/1/2024,10,15,$77.21 
7/1/2024,10,15,$144.42 
8/1/2024,10,15,$115.82 
9/1/2024,10,15,$55.77 
10/1/2024,10,15,$38.61 
11/1/2024,10,15,$101.52 
12/1/2024,10,15,$130.12 
1/1/2024,10,16,$264.35 
2/1/2024,10,16,$130.66 
3/1/2024,10,16,$100.27 
4/1/2024,10,16,$171.59 
5/1/2024,10,16,$243.08 
6/1/2024,10,16,$260.95 
7/1/2024,10,16,$296.70 
8/1/2024,10,16,$257.38 
9/1/2024,10,16,$353.90 
10/1/2024,10,16,$264.53 
11/1/2024,10,16,$257.38 
12/1/2024,10,16,$343.15 
1/1/2024,11,3,$61.18 
2/1/2024,11,3,$49.37 
3/1/2024,11,3,$61.18 
4/1/2024,11,3,$125.01 
5/1/2024,11,3,$71.98 
6/1/2024,11,3,$87.13 
7/1/2024,11,3,$126.27 
8/1/2024,11,3,$122.48 
9/1/2024,11,3,$56.82 
10/1/2024,11,3,$60.61 
11/1/2024,11,3,$73.24 
12/1/2024,11,3,$104.81 
1/1/2024,11,8,$55.01 
2/1/2024,11,8,$49.64 
3/1/2024,11,8,$79.16 
4/1/2024,11,8,$102.60 
5/1/2024,11,8,$176.78 
6/1/2024,11,8,$126.27 
7/1/2024,11,8,$118.38 
8/1/2024,11,8,$178.36 
9/1/2024,11,8,$149.95 
10/1/2024,11,8,$195.72 
11/1/2024,11,8,$77.34 
12/1/2024,11,8,$113.65 
1/1/2024,11,10,$423.96 
2/1/2024,11,10,$493.73 
3/1/2024,11,10,$515.19 
4/1/2024,11,10,$770.27 
5/1/2024,11,10,$662.93 
6/1/2024,11,10,$404.07 
7/1/2024,11,10,$454.58 
8/1/2024,11,10,$265.17 
9/1/2024,11,10,$328.31 
10/1/2024,11,10,$359.88 
11/1/2024,11,10,$524.03 
12/1/2024,11,10,$340.94 
1/1/2024,11,12,$123.43 
2/1/2024,11,12,$203.93 
3/1/2024,11,12,$99.28 
4/1/2024,11,12,$309.37 
5/1/2024,11,12,$220.98 
6/1/2024,11,12,$176.78 
7/1/2024,11,12,$157.84 
8/1/2024,11,12,$195.72 
9/1/2024,11,12,$176.78 
10/1/2024,11,12,$255.70 
11/1/2024,11,12,$224.13 
12/1/2024,11,12,$312.53 
1/1/2024,11,13,$90.16 
2/1/2024,11,13,$167.44 
3/1/2024,11,13,$66.01 
4/1/2024,11,13,$191.30 
5/1/2024,11,13,$121.22 
6/1/2024,11,13,$125.01 
7/1/2024,11,13,$77.66 
8/1/2024,11,13,$128.80 
9/1/2024,11,13,$179.94 
10/1/2024,11,13,$147.74 
11/1/2024,11,13,$142.06 
12/1/2024,11,13,$140.19 
1/1/2024,11,2,$432.86 
2/1/2024,11,2,$657.02 
3/1/2024,11,2,$772.97 
4/1/2024,11,2,$472.88 
5/1/2024,11,2,$863.91 
6/1/2024,11,2,$936.66 
7/1/2024,11,2,$481.97 
8/1/2024,11,2,$609.28 
9/1/2024,11,2,$545.63 
10/1/2024,11,2,$472.88 
11/1/2024,11,2,$682.03 
12/1/2024,11,2,$509.25 
1/1/2024,11,7,$425.13 
2/1/2024,11,7,$380.04 
3/1/2024,11,7,$219.01 
4/1/2024,11,7,$371.33 
5/1/2024,11,7,$295.55 
6/1/2024,11,7,$719.92 
7/1/2024,11,7,$272.81 
8/1/2024,11,7,$863.91 
9/1/2024,11,7,$401.64 
10/1/2024,11,7,$826.02 
11/1/2024,11,7,$689.61 
12/1/2024,11,7,$765.39 
1/1/2024,11,9,$247.99 
2/1/2024,11,9,$694.38 
3/1/2024,11,9,$382.62 
4/1/2024,11,9,$441.81 
5/1/2024,11,9,$600.19 
6/1/2024,11,9,$366.78 
7/1/2024,11,9,$275.09 
8/1/2024,11,9,$291.76 
9/1/2024,11,9,$491.82 
10/1/2024,11,9,$675.21 
11/1/2024,11,9,$433.47 
12/1/2024,11,9,$700.22 
1/1/2024,11,14,$354.92 
2/1/2024,11,14,$299.85 
3/1/2024,11,14,$195.82 
4/1/2024,11,14,$496.75 
5/1/2024,11,14,$511.14 
6/1/2024,11,14,$208.78 
7/1/2024,11,14,$518.34 
8/1/2024,11,14,$388.76 
9/1/2024,11,14,$410.36 
10/1/2024,11,14,$417.56 
11/1/2024,11,14,$374.36 
12/1/2024,11,14,$554.32 
1/1/2024,11,1,$130.93 
2/1/2024,11,1,$69.61 
3/1/2024,11,1,$114.36 
4/1/2024,11,1,$163.79 
5/1/2024,11,1,$163.79 
6/1/2024,11,1,$93.59 
7/1/2024,11,1,$76.04 
8/1/2024,11,1,$105.29 
9/1/2024,11,1,$130.64 
10/1/2024,11,1,$140.39 
11/1/2024,11,1,$167.69 
12/1/2024,11,1,$60.45 
1/1/2024,11,4,$556.87 
2/1/2024,11,4,$576.76 
3/1/2024,11,4,$755.76 
4/1/2024,11,4,$620.05 
5/1/2024,11,4,$748.74 
6/1/2024,11,4,"$1,088.01 "
7/1/2024,11,4,$631.75 
8/1/2024,11,4,$573.25 
9/1/2024,11,4,$620.05 
10/1/2024,11,4,$678.54 
11/1/2024,11,4,$315.87 
12/1/2024,11,4,$409.47 
1/1/2024,11,5,$259.87 
2/1/2024,11,5,$318.21 
3/1/2024,11,5,$456.11 
4/1/2024,11,5,$374.37 
5/1/2024,11,5,$698.82 
6/1/2024,11,5,$299.50 
7/1/2024,11,5,$524.12 
8/1/2024,11,5,$536.60 
9/1/2024,11,5,$517.88 
10/1/2024,11,5,$467.96 
11/1/2024,11,5,$630.19 
12/1/2024,11,5,$611.47 
1/1/2024,11,6,$74.58 
2/1/2024,11,6,$99.44 
3/1/2024,11,6,$81.54 
4/1/2024,11,6,$80.72 
5/1/2024,11,6,$64.34 
6/1/2024,11,6,$73.70 
7/1/2024,11,6,$131.03 
8/1/2024,11,6,$64.34 
9/1/2024,11,6,$47.97 
10/1/2024,11,6,$71.36 
11/1/2024,11,6,$101.78 
12/1/2024,11,6,$66.68 
1/1/2024,11,11,$198.88 
2/1/2024,11,11,$198.88 
3/1/2024,11,11,$274.46 
4/1/2024,11,11,$444.56 
5/1/2024,11,11,$355.65 
6/1/2024,11,11,$350.97 
7/1/2024,11,11,$407.13 
8/1/2024,11,11,$369.69 
9/1/2024,11,11,$252.70 
10/1/2024,11,11,$393.09 
11/1/2024,11,11,$313.53 
12/1/2024,11,11,$355.65 
1/1/2024,11,15,$147.17 
2/1/2024,11,15,$67.62 
3/1/2024,11,15,$131.26 
4/1/2024,11,15,$85.79 
5/1/2024,11,15,$73.31 
6/1/2024,11,15,$84.23 
7/1/2024,11,15,$157.55 
8/1/2024,11,15,$126.35 
9/1/2024,11,15,$60.83 
10/1/2024,11,15,$42.12 
11/1/2024,11,15,$110.75 
12/1/2024,11,15,$141.95 
1/1/2024,11,16,$288.38 
2/1/2024,11,16,$142.53 
3/1/2024,11,16,$109.39 
4/1/2024,11,16,$187.18 
5/1/2024,11,16,$265.18 
6/1/2024,11,16,$284.68 
7/1/2024,11,16,$323.67 
8/1/2024,11,16,$280.78 
9/1/2024,11,16,$386.07 
10/1/2024,11,16,$288.58 
11/1/2024,11,16,$280.78 
12/1/2024,11,16,$374.39 
1/1/2024,12,3,$50.98 
2/1/2024,12,3,$41.14 
3/1/2024,12,3,$50.98 
4/1/2024,12,3,$104.18 
5/1/2024,12,3,$59.98 
6/1/2024,12,3,$72.61 
7/1/2024,12,3,$105.23 
8/1/2024,12,3,$102.07 
9/1/2024,12,3,$47.35 
10/1/2024,12,3,$50.51 
11/1/2024,12,3,$61.03 
12/1/2024,12,3,$87.34 
1/1/2024,12,8,$45.84 
2/1/2024,12,8,$41.37 
3/1/2024,12,8,$65.96 
4/1/2024,12,8,$85.50 
5/1/2024,12,8,$147.32 
6/1/2024,12,8,$105.23 
7/1/2024,12,8,$98.65 
8/1/2024,12,8,$148.63 
9/1/2024,12,8,$124.96 
10/1/2024,12,8,$163.10 
11/1/2024,12,8,$64.45 
12/1/2024,12,8,$94.70 
1/1/2024,12,10,$353.30 
2/1/2024,12,10,$411.44 
3/1/2024,12,10,$429.33 
4/1/2024,12,10,$641.89 
5/1/2024,12,10,$552.44 
6/1/2024,12,10,$336.73 
7/1/2024,12,10,$378.82 
8/1/2024,12,10,$220.98 
9/1/2024,12,10,$273.59 
10/1/2024,12,10,$299.90 
11/1/2024,12,10,$436.69 
12/1/2024,12,10,$284.11 
1/1/2024,12,12,$102.86 
2/1/2024,12,12,$169.94 
3/1/2024,12,12,$82.74 
4/1/2024,12,12,$257.81 
5/1/2024,12,12,$184.15 
6/1/2024,12,12,$147.32 
7/1/2024,12,12,$131.53 
8/1/2024,12,12,$163.10 
9/1/2024,12,12,$147.32 
10/1/2024,12,12,$213.09 
11/1/2024,12,12,$186.78 
12/1/2024,12,12,$260.44 
1/1/2024,12,13,$75.13 
2/1/2024,12,13,$139.53 
3/1/2024,12,13,$55.01 
4/1/2024,12,13,$159.42 
5/1/2024,12,13,$101.02 
6/1/2024,12,13,$104.18 
7/1/2024,12,13,$64.71 
8/1/2024,12,13,$107.33 
9/1/2024,12,13,$149.95 
10/1/2024,12,13,$123.12 
11/1/2024,12,13,$118.38 
12/1/2024,12,13,$116.81 
1/1/2024,12,2,$360.72 
2/1/2024,12,2,$547.52 
3/1/2024,12,2,$644.14 
4/1/2024,12,2,$394.06 
5/1/2024,12,2,$719.92 
6/1/2024,12,2,$780.55 
7/1/2024,12,2,$401.64 
8/1/2024,12,2,$507.73 
9/1/2024,12,2,$454.69 
10/1/2024,12,2,$394.06 
11/1/2024,12,2,$568.36 
12/1/2024,12,2,$424.38 
1/1/2024,12,7,$354.28 
2/1/2024,12,7,$316.70 
3/1/2024,12,7,$182.51 
4/1/2024,12,7,$309.44 
5/1/2024,12,7,$246.29 
6/1/2024,12,7,$599.94 
7/1/2024,12,7,$227.34 
8/1/2024,12,7,$719.92 
9/1/2024,12,7,$334.70 
10/1/2024,12,7,$688.35 
11/1/2024,12,7,$574.67 
12/1/2024,12,7,$637.83 
1/1/2024,12,9,$206.66 
2/1/2024,12,9,$578.65 
3/1/2024,12,9,$318.85 
4/1/2024,12,9,$368.17 
5/1/2024,12,9,$500.16 
6/1/2024,12,9,$305.65 
7/1/2024,12,9,$229.24 
8/1/2024,12,9,$243.13 
9/1/2024,12,9,$409.85 
10/1/2024,12,9,$562.68 
11/1/2024,12,9,$361.22 
12/1/2024,12,9,$583.52 
1/1/2024,12,14,$295.77 
2/1/2024,12,14,$249.87 
3/1/2024,12,14,$163.18 
4/1/2024,12,14,$413.96 
5/1/2024,12,14,$425.95 
6/1/2024,12,14,$173.98 
7/1/2024,12,14,$431.95 
8/1/2024,12,14,$323.97 
9/1/2024,12,14,$341.96 
10/1/2024,12,14,$347.96 
11/1/2024,12,14,$311.97 
12/1/2024,12,14,$461.96 
1/1/2024,12,1,$109.11 
2/1/2024,12,1,$58.01 
3/1/2024,12,1,$95.30 
4/1/2024,12,1,$136.49 
5/1/2024,12,1,$136.49 
6/1/2024,12,1,$77.99 
7/1/2024,12,1,$63.37 
8/1/2024,12,1,$87.74 
9/1/2024,12,1,$108.87 
10/1/2024,12,1,$116.99 
11/1/2024,12,1,$139.74 
12/1/2024,12,1,$50.37 
1/1/2024,12,4,$464.06 
2/1/2024,12,4,$480.64 
3/1/2024,12,4,$629.80 
4/1/2024,12,4,$516.71 
5/1/2024,12,4,$623.95 
6/1/2024,12,4,$906.68 
7/1/2024,12,4,$526.46 
8/1/2024,12,4,$477.71 
9/1/2024,12,4,$516.71 
10/1/2024,12,4,$565.45 
11/1/2024,12,4,$263.23 
12/1/2024,12,4,$341.22 
1/1/2024,12,5,$216.56 
2/1/2024,12,5,$265.18 
3/1/2024,12,5,$380.09 
4/1/2024,12,5,$311.97 
5/1/2024,12,5,$582.35 
6/1/2024,12,5,$249.58 
7/1/2024,12,5,$436.76 
8/1/2024,12,5,$447.16 
9/1/2024,12,5,$431.56 
10/1/2024,12,5,$389.97 
11/1/2024,12,5,$525.16 
12/1/2024,12,5,$509.56 
1/1/2024,12,6,$62.15 
2/1/2024,12,6,$82.87 
3/1/2024,12,6,$67.95 
4/1/2024,12,6,$67.27 
5/1/2024,12,6,$53.62 
6/1/2024,12,6,$61.42 
7/1/2024,12,6,$109.19 
8/1/2024,12,6,$53.62 
9/1/2024,12,6,$39.97 
10/1/2024,12,6,$59.47 
11/1/2024,12,6,$84.82 
12/1/2024,12,6,$55.57 
1/1/2024,12,11,$165.74 
2/1/2024,12,11,$165.74 
3/1/2024,12,11,$228.72 
4/1/2024,12,11,$370.47 
5/1/2024,12,11,$296.38 
6/1/2024,12,11,$292.48 
7/1/2024,12,11,$339.27 
8/1/2024,12,11,$308.07 
9/1/2024,12,11,$210.58 
10/1/2024,12,11,$327.57 
11/1/2024,12,11,$261.28 
12/1/2024,12,11,$296.38 
1/1/2024,12,15,$122.64 
2/1/2024,12,15,$56.35 
3/1/2024,12,15,$109.39 
4/1/2024,12,15,$71.49 
5/1/2024,12,15,$61.09 
6/1/2024,12,15,$70.19 
7/1/2024,12,15,$131.29 
8/1/2024,12,15,$105.29 
9/1/2024,12,15,$50.70 
10/1/2024,12,15,$35.10 
11/1/2024,12,15,$92.29 
12/1/2024,12,15,$118.29 
1/1/2024,12,16,$240.32 
2/1/2024,12,16,$118.78 
3/1/2024,12,16,$91.15 
4/1/2024,12,16,$155.99 
5/1/2024,12,16,$220.98 
6/1/2024,12,16,$237.23 
7/1/2024,12,16,$269.73 
8/1/2024,12,16,$233.98 
9/1/2024,12,16,$321.72 
10/1/2024,12,16,$240.48 
11/1/2024,12,16,$233.98 
12/1/2024,12,16,$311.96 
1/1/2024,13,3,$50.98 
2/1/2024,13,3,$41.14 
3/1/2024,13,3,$50.98 
4/1/2024,13,3,$104.18 
5/1/2024,13,3,$59.98 
6/1/2024,13,3,$72.61 
7/1/2024,13,3,$105.23 
8/1/2024,13,3,$102.07 
9/1/2024,13,3,$47.35 
10/1/2024,13,3,$50.51 
11/1/2024,13,3,$61.03 
12/1/2024,13,3,$87.34 
1/1/2024,13,8,$45.84 
2/1/2024,13,8,$41.37 
3/1/2024,13,8,$65.96 
4/1/2024,13,8,$85.50 
5/1/2024,13,8,$147.32 
6/1/2024,13,8,$105.23 
7/1/2024,13,8,$98.65 
8/1/2024,13,8,$148.63 
9/1/2024,13,8,$124.96 
10/1/2024,13,8,$163.10 
11/1/2024,13,8,$64.45 
12/1/2024,13,8,$94.70 
1/1/2024,13,10,$353.30 
2/1/2024,13,10,$411.44 
3/1/2024,13,10,$429.33 
4/1/2024,13,10,$641.89 
5/1/2024,13,10,$552.44 
6/1/2024,13,10,$336.73 
7/1/2024,13,10,$378.82 
8/1/2024,13,10,$220.98 
9/1/2024,13,10,$273.59 
10/1/2024,13,10,$299.90 
11/1/2024,13,10,$436.69 
12/1/2024,13,10,$284.11 
1/1/2024,13,12,$102.86 
2/1/2024,13,12,$169.94 
3/1/2024,13,12,$82.74 
4/1/2024,13,12,$257.81 
5/1/2024,13,12,$184.15 
6/1/2024,13,12,$147.32 
7/1/2024,13,12,$131.53 
8/1/2024,13,12,$163.10 
9/1/2024,13,12,$147.32 
10/1/2024,13,12,$213.09 
11/1/2024,13,12,$186.78 
12/1/2024,13,12,$260.44 
1/1/2024,13,13,$75.13 
2/1/2024,13,13,$139.53 
3/1/2024,13,13,$55.01 
4/1/2024,13,13,$159.42 
5/1/2024,13,13,$101.02 
6/1/2024,13,13,$104.18 
7/1/2024,13,13,$64.71 
8/1/2024,13,13,$107.33 
9/1/2024,13,13,$149.95 
10/1/2024,13,13,$123.12 
11/1/2024,13,13,$118.38 
12/1/2024,13,13,$116.81 
1/1/2024,13,2,$360.72 
2/1/2024,13,2,$547.52 
3/1/2024,13,2,$644.14 
4/1/2024,13,2,$394.06 
5/1/2024,13,2,$719.92 
6/1/2024,13,2,$780.55 
7/1/2024,13,2,$401.64 
8/1/2024,13,2,$507.73 
9/1/2024,13,2,$454.69 
10/1/2024,13,2,$394.06 
11/1/2024,13,2,$568.36 
12/1/2024,13,2,$424.38 
1/1/2024,13,7,$354.28 
2/1/2024,13,7,$316.70 
3/1/2024,13,7,$182.51 
4/1/2024,13,7,$309.44 
5/1/2024,13,7,$246.29 
6/1/2024,13,7,$599.94 
7/1/2024,13,7,$227.34 
8/1/2024,13,7,$719.92 
9/1/2024,13,7,$334.70 
10/1/2024,13,7,$688.35 
11/1/2024,13,7,$574.67 
12/1/2024,13,7,$637.83 
1/1/2024,13,9,$206.66 
2/1/2024,13,9,$578.65 
3/1/2024,13,9,$318.85 
4/1/2024,13,9,$368.17 
5/1/2024,13,9,$500.16 
6/1/2024,13,9,$305.65 
7/1/2024,13,9,$229.24 
8/1/2024,13,9,$243.13 
9/1/2024,13,9,$409.85 
10/1/2024,13,9,$562.68 
11/1/2024,13,9,$361.22 
12/1/2024,13,9,$583.52 
1/1/2024,13,14,$295.77 
2/1/2024,13,14,$249.87 
3/1/2024,13,14,$163.18 
4/1/2024,13,14,$413.96 
5/1/2024,13,14,$425.95 
6/1/2024,13,14,$173.98 
7/1/2024,13,14,$431.95 
8/1/2024,13,14,$323.97 
9/1/2024,13,14,$341.96 
10/1/2024,13,14,$347.96 
11/1/2024,13,14,$311.97 
12/1/2024,13,14,$461.96 
1/1/2024,13,1,$109.11 
2/1/2024,13,1,$58.01 
3/1/2024,13,1,$95.30 
4/1/2024,13,1,$136.49 
5/1/2024,13,1,$136.49 
6/1/2024,13,1,$77.99 
7/1/2024,13,1,$63.37 
8/1/2024,13,1,$87.74 
9/1/2024,13,1,$108.87 
10/1/2024,13,1,$116.99 
11/1/2024,13,1,$139.74 
12/1/2024,13,1,$50.37 
1/1/2024,13,4,$464.06 
2/1/2024,13,4,$480.64 
3/1/2024,13,4,$629.80 
4/1/2024,13,4,$516.71 
5/1/2024,13,4,$623.95 
6/1/2024,13,4,$906.68 
7/1/2024,13,4,$526.46 
8/1/2024,13,4,$477.71 
9/1/2024,13,4,$516.71 
10/1/2024,13,4,$565.45 
11/1/2024,13,4,$263.23 
12/1/2024,13,4,$341.22 
1/1/2024,13,5,$216.56 
2/1/2024,13,5,$265.18 
3/1/2024,13,5,$380.09 
4/1/2024,13,5,$311.97 
5/1/2024,13,5,$582.35 
6/1/2024,13,5,$249.58 
7/1/2024,13,5,$436.76 
8/1/2024,13,5,$447.16 
9/1/2024,13,5,$431.56 
10/1/2024,13,5,$389.97 
11/1/2024,13,5,$525.16 
12/1/2024,13,5,$509.56 
1/1/2024,13,6,$62.15 
2/1/2024,13,6,$82.87 
3/1/2024,13,6,$67.95 
4/1/2024,13,6,$67.27 
5/1/2024,13,6,$53.62 
6/1/2024,13,6,$61.42 
7/1/2024,13,6,$109.19 
8/1/2024,13,6,$53.62 
9/1/2024,13,6,$39.97 
10/1/2024,13,6,$59.47 
11/1/2024,13,6,$84.82 
12/1/2024,13,6,$55.57 
1/1/2024,13,11,$165.74 
2/1/2024,13,11,$165.74 
3/1/2024,13,11,$228.72 
4/1/2024,13,11,$370.47 
5/1/2024,13,11,$296.38 
6/1/2024,13,11,$292.48 
7/1/2024,13,11,$339.27 
8/1/2024,13,11,$308.07 
9/1/2024,13,11,$210.58 
10/1/2024,13,11,$327.57 
11/1/2024,13,11,$261.28 
12/1/2024,13,11,$296.38 
1/1/2024,13,15,$122.64 
2/1/2024,13,15,$56.35 
3/1/2024,13,15,$109.39 
4/1/2024,13,15,$71.49 
5/1/2024,13,15,$61.09 
6/1/2024,13,15,$70.19 
7/1/2024,13,15,$131.29 
8/1/2024,13,15,$105.29 
9/1/2024,13,15,$50.70 
10/1/2024,13,15,$35.10 
11/1/2024,13,15,$92.29 
12/1/2024,13,15,$118.29 
1/1/2024,13,16,$240.32 
2/1/2024,13,16,$118.78 
3/1/2024,13,16,$91.15 
4/1/2024,13,16,$155.99 
5/1/2024,13,16,$220.98 
6/1/2024,13,16,$237.23 
7/1/2024,13,16,$269.73 
8/1/2024,13,16,$233.98 
9/1/2024,13,16,$321.72 
10/1/2024,13,16,$240.48 
11/1/2024,13,16,$233.98 
12/1/2024,13,16,$311.96 
1/1/2024,14,3,$50.98 
2/1/2024,14,3,$41.14 
3/1/2024,14,3,$50.98 
4/1/2024,14,3,$104.18 
5/1/2024,14,3,$59.98 
6/1/2024,14,3,$72.61 
7/1/2024,14,3,$105.23 
8/1/2024,14,3,$102.07 
9/1/2024,14,3,$47.35 
10/1/2024,14,3,$50.51 
11/1/2024,14,3,$61.03 
12/1/2024,14,3,$87.34 
1/1/2024,14,8,$45.84 
2/1/2024,14,8,$41.37 
3/1/2024,14,8,$65.96 
4/1/2024,14,8,$85.50 
5/1/2024,14,8,$147.32 
6/1/2024,14,8,$105.23 
7/1/2024,14,8,$98.65 
8/1/2024,14,8,$148.63 
9/1/2024,14,8,$124.96 
10/1/2024,14,8,$163.10 
11/1/2024,14,8,$64.45 
12/1/2024,14,8,$94.70 
1/1/2024,14,10,$353.30 
2/1/2024,14,10,$411.44 
3/1/2024,14,10,$429.33 
4/1/2024,14,10,$641.89 
5/1/2024,14,10,$552.44 
6/1/2024,14,10,$336.73 
7/1/2024,14,10,$378.82 
8/1/2024,14,10,$220.98 
9/1/2024,14,10,$273.59 
10/1/2024,14,10,$299.90 
11/1/2024,14,10,$436.69 
12/1/2024,14,10,$284.11 
1/1/2024,14,12,$102.86 
2/1/2024,14,12,$169.94 
3/1/2024,14,12,$82.74 
4/1/2024,14,12,$257.81 
5/1/2024,14,12,$184.15 
6/1/2024,14,12,$147.32 
7/1/2024,14,12,$131.53 
8/1/2024,14,12,$163.10 
9/1/2024,14,12,$147.32 
10/1/2024,14,12,$213.09 
11/1/2024,14,12,$186.78 
12/1/2024,14,12,$260.44 
1/1/2024,14,13,$75.13 
2/1/2024,14,13,$139.53 
3/1/2024,14,13,$55.01 
4/1/2024,14,13,$159.42 
5/1/2024,14,13,$101.02 
6/1/2024,14,13,$104.18 
7/1/2024,14,13,$64.71 
8/1/2024,14,13,$107.33 
9/1/2024,14,13,$149.95 
10/1/2024,14,13,$123.12 
11/1/2024,14,13,$118.38 
12/1/2024,14,13,$116.81 
1/1/2024,14,2,$360.72 
2/1/2024,14,2,$547.52 
3/1/2024,14,2,$644.14 
4/1/2024,14,2,$394.06 
5/1/2024,14,2,$719.92 
6/1/2024,14,2,$780.55 
7/1/2024,14,2,$401.64 
8/1/2024,14,2,$507.73 
9/1/2024,14,2,$454.69 
10/1/2024,14,2,$394.06 
11/1/2024,14,2,$568.36 
12/1/2024,14,2,$424.38 
1/1/2024,14,7,$354.28 
2/1/2024,14,7,$316.70 
3/1/2024,14,7,$182.51 
4/1/2024,14,7,$309.44 
5/1/2024,14,7,$246.29 
6/1/2024,14,7,$599.94 
7/1/2024,14,7,$227.34 
8/1/2024,14,7,$719.92 
9/1/2024,14,7,$334.70 
10/1/2024,14,7,$688.35 
11/1/2024,14,7,$574.67 
12/1/2024,14,7,$637.83 
1/1/2024,14,9,$206.66 
2/1/2024,14,9,$578.65 
3/1/2024,14,9,$318.85 
4/1/2024,14,9,$368.17 
5/1/2024,14,9,$500.16 
6/1/2024,14,9,$305.65 
7/1/2024,14,9,$229.24 
8/1/2024,14,9,$243.13 
9/1/2024,14,9,$409.85 
10/1/2024,14,9,$562.68 
11/1/2024,14,9,$361.22 
12/1/2024,14,9,$583.52 
1/1/2024,14,14,$295.77 
2/1/2024,14,14,$249.87 
3/1/2024,14,14,$163.18 
4/1/2024,14,14,$413.96 
5/1/2024,14,14,$425.95 
6/1/2024,14,14,$173.98 
7/1/2024,14,14,$431.95 
8/1/2024,14,14,$323.97 
9/1/2024,14,14,$341.96 
10/1/2024,14,14,$347.96 
11/1/2024,14,14,$311.97 
12/1/2024,14,14,$461.96 
1/1/2024,14,1,$109.11 
2/1/2024,14,1,$58.01 
3/1/2024,14,1,$95.30 
4/1/2024,14,1,$136.49 
5/1/2024,14,1,$136.49 
6/1/2024,14,1,$77.99 
7/1/2024,14,1,$63.37 
8/1/2024,14,1,$87.74 
9/1/2024,14,1,$108.87 
10/1/2024,14,1,$116.99 
11/1/2024,14,1,$139.74 
12/1/2024,14,1,$50.37 
1/1/2024,14,4,$464.06 
2/1/2024,14,4,$480.64 
3/1/2024,14,4,$629.80 
4/1/2024,14,4,$516.71 
5/1/2024,14,4,$623.95 
6/1/2024,14,4,$906.68 
7/1/2024,14,4,$526.46 
8/1/2024,14,4,$477.71 
9/1/2024,14,4,$516.71 
10/1/2024,14,4,$565.45 
11/1/2024,14,4,$263.23 
12/1/2024,14,4,$341.22 
1/1/2024,14,5,$216.56 
2/1/2024,14,5,$265.18 
3/1/2024,14,5,$380.09 
4/1/2024,14,5,$311.97 
5/1/2024,14,5,$582.35 
6/1/2024,14,5,$249.58 
7/1/2024,14,5,$436.76 
8/1/2024,14,5,$447.16 
9/1/2024,14,5,$431.56 
10/1/2024,14,5,$389.97 
11/1/2024,14,5,$525.16 
12/1/2024,14,5,$509.56 
1/1/2024,14,6,$62.15 
2/1/2024,14,6,$82.87 
3/1/2024,14,6,$67.95 
4/1/2024,14,6,$67.27 
5/1/2024,14,6,$53.62 
6/1/2024,14,6,$61.42 
7/1/2024,14,6,$109.19 
8/1/2024,14,6,$53.62 
9/1/2024,14,6,$39.97 
10/1/2024,14,6,$59.47 
11/1/2024,14,6,$84.82 
12/1/2024,14,6,$55.57 
1/1/2024,14,11,$165.74 
2/1/2024,14,11,$165.74 
3/1/2024,14,11,$228.72 
4/1/2024,14,11,$370.47 
5/1/2024,14,11,$296.38 
6/1/2024,14,11,$292.48 
7/1/2024,14,11,$339.27 
8/1/2024,14,11,$308.07 
9/1/2024,14,11,$210.58 
10/1/2024,14,11,$327.57 
11/1/2024,14,11,$261.28 
12/1/2024,14,11,$296.38 
1/1/2024,14,15,$122.64 
2/1/2024,14,15,$56.35 
3/1/2024,14,15,$109.39 
4/1/2024,14,15,$71.49 
5/1/2024,14,15,$61.09 
6/1/2024,14,15,$70.19 
7/1/2024,14,15,$131.29 
8/1/2024,14,15,$105.29 
9/1/2024,14,15,$50.70 
10/1/2024,14,15,$35.10 
11/1/2024,14,15,$92.29 
12/1/2024,14,15,$118.29 
1/1/2024,14,16,$240.32 
2/1/2024,14,16,$118.78 
3/1/2024,14,16,$91.15 
4/1/2024,14,16,$155.99 
5/1/2024,14,16,$220.98 
6/1/2024,14,16,$237.23 
7/1/2024,14,16,$269.73 
8/1/2024,14,16,$233.98 
9/1/2024,14,16,$321.72 
10/1/2024,14,16,$240.48 
11/1/2024,14,16,$233.98 
12/1/2024,14,16,$311.96 
1/1/2024,15,3,$50.98 
2/1/2024,15,3,$41.14 
3/1/2024,15,3,$50.98 
4/1/2024,15,3,$104.18 
5/1/2024,15,3,$59.98 
6/1/2024,15,3,$72.61 
7/1/2024,15,3,$105.23 
8/1/2024,15,3,$102.07 
9/1/2024,15,3,$47.35 
10/1/2024,15,3,$50.51 
11/1/2024,15,3,$61.03 
12/1/2024,15,3,$87.34 
1/1/2024,15,8,$45.84 
2/1/2024,15,8,$41.37 
3/1/2024,15,8,$65.96 
4/1/2024,15,8,$85.50 
5/1/2024,15,8,$147.32 
6/1/2024,15,8,$105.23 
7/1/2024,15,8,$98.65 
8/1/2024,15,8,$148.63 
9/1/2024,15,8,$124.96 
10/1/2024,15,8,$163.10 
11/1/2024,15,8,$64.45 
12/1/2024,15,8,$94.70 
1/1/2024,15,10,$353.30 
2/1/2024,15,10,$411.44 
3/1/2024,15,10,$429.33 
4/1/2024,15,10,$641.89 
5/1/2024,15,10,$552.44 
6/1/2024,15,10,$336.73 
7/1/2024,15,10,$378.82 
8/1/2024,15,10,$220.98 
9/1/2024,15,10,$273.59 
10/1/2024,15,10,$299.90 
11/1/2024,15,10,$436.69 
12/1/2024,15,10,$284.11 
1/1/2024,15,12,$102.86 
2/1/2024,15,12,$169.94 
3/1/2024,15,12,$82.74 
4/1/2024,15,12,$257.81 
5/1/2024,15,12,$184.15 
6/1/2024,15,12,$147.32 
7/1/2024,15,12,$131.53 
8/1/2024,15,12,$163.10 
9/1/2024,15,12,$147.32 
10/1/2024,15,12,$213.09 
11/1/2024,15,12,$186.78 
12/1/2024,15,12,$260.44 
1/1/2024,15,13,$75.13 
2/1/2024,15,13,$139.53 
3/1/2024,15,13,$55.01 
4/1/2024,15,13,$159.42 
5/1/2024,15,13,$101.02 
6/1/2024,15,13,$104.18 
7/1/2024,15,13,$64.71 
8/1/2024,15,13,$107.33 
9/1/2024,15,13,$149.95 
10/1/2024,15,13,$123.12 
11/1/2024,15,13,$118.38 
12/1/2024,15,13,$116.81 
1/1/2024,15,2,$360.72 
2/1/2024,15,2,$547.52 
3/1/2024,15,2,$644.14 
4/1/2024,15,2,$394.06 
5/1/2024,15,2,$719.92 
6/1/2024,15,2,$780.55 
7/1/2024,15,2,$401.64 
8/1/2024,15,2,$507.73 
9/1/2024,15,2,$454.69 
10/1/2024,15,2,$394.06 
11/1/2024,15,2,$568.36 
12/1/2024,15,2,$424.38 
1/1/2024,15,7,$354.28 
2/1/2024,15,7,$316.70 
3/1/2024,15,7,$182.51 
4/1/2024,15,7,$309.44 
5/1/2024,15,7,$246.29 
6/1/2024,15,7,$599.94 
7/1/2024,15,7,$227.34 
8/1/2024,15,7,$719.92 
9/1/2024,15,7,$334.70 
10/1/2024,15,7,$688.35 
11/1/2024,15,7,$574.67 
12/1/2024,15,7,$637.83 
1/1/2024,15,9,$206.66 
2/1/2024,15,9,$578.65 
3/1/2024,15,9,$318.85 
4/1/2024,15,9,$368.17 
5/1/2024,15,9,$500.16 
6/1/2024,15,9,$305.65 
7/1/2024,15,9,$229.24 
8/1/2024,15,9,$243.13 
9/1/2024,15,9,$409.85 
10/1/2024,15,9,$562.68 
11/1/2024,15,9,$361.22 
12/1/2024,15,9,$583.52 
1/1/2024,15,14,$295.77 
2/1/2024,15,14,$249.87 
3/1/2024,15,14,$163.18 
4/1/2024,15,14,$413.96 
5/1/2024,15,14,$425.95 
6/1/2024,15,14,$173.98 
7/1/2024,15,14,$431.95 
8/1/2024,15,14,$323.97 
9/1/2024,15,14,$341.96 
10/1/2024,15,14,$347.96 
11/1/2024,15,14,$311.97 
12/1/2024,15,14,$461.96 
1/1/2024,15,1,$109.11 
2/1/2024,15,1,$58.01 
3/1/2024,15,1,$95.30 
4/1/2024,15,1,$136.49 
5/1/2024,15,1,$136.49 
6/1/2024,15,1,$77.99 
7/1/2024,15,1,$63.37 
8/1/2024,15,1,$87.74 
9/1/2024,15,1,$108.87 
10/1/2024,15,1,$116.99 
11/1/2024,15,1,$139.74 
12/1/2024,15,1,$50.37 
1/1/2024,15,4,$464.06 
2/1/2024,15,4,$480.64 
3/1/2024,15,4,$629.80 
4/1/2024,15,4,$516.71 
5/1/2024,15,4,$623.95 
6/1/2024,15,4,$906.68 
7/1/2024,15,4,$526.46 
8/1/2024,15,4,$477.71 
9/1/2024,15,4,$516.71 
10/1/2024,15,4,$565.45 
11/1/2024,15,4,$263.23 
12/1/2024,15,4,$341.22 
1/1/2024,15,5,$216.56 
2/1/2024,15,5,$265.18 
3/1/2024,15,5,$380.09 
4/1/2024,15,5,$311.97 
5/1/2024,15,5,$582.35 
6/1/2024,15,5,$249.58 
7/1/2024,15,5,$436.76 
8/1/2024,15,5,$447.16 
9/1/2024,15,5,$431.56 
10/1/2024,15,5,$389.97 
11/1/2024,15,5,$525.16 
12/1/2024,15,5,$509.56 
1/1/2024,15,6,$62.15 
2/1/2024,15,6,$82.87 
3/1/2024,15,6,$67.95 
4/1/2024,15,6,$67.27 
5/1/2024,15,6,$53.62 
6/1/2024,15,6,$61.42 
7/1/2024,15,6,$109.19 
8/1/2024,15,6,$53.62 
9/1/2024,15,6,$39.97 
10/1/2024,15,6,$59.47 
11/1/2024,15,6,$84.82 
12/1/2024,15,6,$55.57 
1/1/2024,15,11,$165.74 
2/1/2024,15,11,$165.74 
3/1/2024,15,11,$228.72 
4/1/2024,15,11,$370.47 
5/1/2024,15,11,$296.38 
6/1/2024,15,11,$292.48 
7/1/2024,15,11,$339.27 
8/1/2024,15,11,$308.07 
9/1/2024,15,11,$210.58 
10/1/2024,15,11,$327.57 
11/1/2024,15,11,$261.28 
12/1/2024,15,11,$296.38 
1/1/2024,15,15,$122.64 
2/1/2024,15,15,$56.35 
3/1/2024,15,15,$109.39 
4/1/2024,15,15,$71.49 
5/1/2024,15,15,$61.09 
6/1/2024,15,15,$70.19 
7/1/2024,15,15,$131.29 
8/1/2024,15,15,$105.29 
9/1/2024,15,15,$50.70 
10/1/2024,15,15,$35.10 
11/1/2024,15,15,$92.29 
12/1/2024,15,15,$118.29 
1/1/2024,15,16,$240.32 
2/1/2024,15,16,$118.78 
3/1/2024,15,16,$91.15 
4/1/2024,15,16,$155.99 
5/1/2024,15,16,$220.98 
6/1/2024,15,16,$237.23 
7/1/2024,15,16,$269.73 
8/1/2024,15,16,$233.98 
9/1/2024,15,16,$321.72 
10/1/2024,15,16,$240.48 
11/1/2024,15,16,$233.98 
12/1/2024,15,16,$311.96 
1/1/2024,16,3,$50.98 
2/1/2024,16,3,$41.14 
3/1/2024,16,3,$50.98 
4/1/2024,16,3,$104.18 
5/1/2024,16,3,$59.98 
6/1/2024,16,3,$72.61 
7/1/2024,16,3,$105.23 
8/1/2024,16,3,$102.07 
9/1/2024,16,3,$47.35 
10/1/2024,16,3,$50.51 
11/1/2024,16,3,$61.03 
12/1/2024,16,3,$87.34 
1/1/2024,16,8,$45.84 
2/1/2024,16,8,$41.37 
3/1/2024,16,8,$65.96 
4/1/2024,16,8,$85.50 
5/1/2024,16,8,$147.32 
6/1/2024,16,8,$105.23 
7/1/2024,16,8,$98.65 
8/1/2024,16,8,$148.63 
9/1/2024,16,8,$124.96 
10/1/2024,16,8,$163.10 
11/1/2024,16,8,$64.45 
12/1/2024,16,8,$94.70 
1/1/2024,16,10,$353.30 
2/1/2024,16,10,$411.44 
3/1/2024,16,10,$429.33 
4/1/2024,16,10,$641.89 
5/1/2024,16,10,$552.44 
6/1/2024,16,10,$336.73 
7/1/2024,16,10,$378.82 
8/1/2024,16,10,$220.98 
9/1/2024,16,10,$273.59 
10/1/2024,16,10,$299.90 
11/1/2024,16,10,$436.69 
12/1/2024,16,10,$284.11 
1/1/2024,16,12,$102.86 
2/1/2024,16,12,$169.94 
3/1/2024,16,12,$82.74 
4/1/2024,16,12,$257.81 
5/1/2024,16,12,$184.15 
6/1/2024,16,12,$147.32 
7/1/2024,16,12,$131.53 
8/1/2024,16,12,$163.10 
9/1/2024,16,12,$147.32 
10/1/2024,16,12,$213.09 
11/1/2024,16,12,$186.78 
12/1/2024,16,12,$260.44 
1/1/2024,16,13,$75.13 
2/1/2024,16,13,$139.53 
3/1/2024,16,13,$55.01 
4/1/2024,16,13,$159.42 
5/1/2024,16,13,$101.02 
6/1/2024,16,13,$104.18 
7/1/2024,16,13,$64.71 
8/1/2024,16,13,$107.33 
9/1/2024,16,13,$149.95 
10/1/2024,16,13,$123.12 
11/1/2024,16,13,$118.38 
12/1/2024,16,13,$116.81 
1/1/2024,16,2,$360.72 
2/1/2024,16,2,$547.52 
3/1/2024,16,2,$644.14 
4/1/2024,16,2,$394.06 
5/1/2024,16,2,$719.92 
6/1/2024,16,2,$780.55 
7/1/2024,16,2,$401.64 
8/1/2024,16,2,$507.73 
9/1/2024,16,2,$454.69 
10/1/2024,16,2,$394.06 
11/1/2024,16,2,$568.36 
12/1/2024,16,2,$424.38 
1/1/2024,16,7,$354.28 
2/1/2024,16,7,$316.70 
3/1/2024,16,7,$182.51 
4/1/2024,16,7,$309.44 
5/1/2024,16,7,$246.29 
6/1/2024,16,7,$599.94 
7/1/2024,16,7,$227.34 
8/1/2024,16,7,$719.92 
9/1/2024,16,7,$334.70 
10/1/2024,16,7,$688.35 
11/1/2024,16,7,$574.67 
12/1/2024,16,7,$637.83 
1/1/2024,16,9,$206.66 
2/1/2024,16,9,$578.65 
3/1/2024,16,9,$318.85 
4/1/2024,16,9,$368.17 
5/1/2024,16,9,$500.16 
6/1/2024,16,9,$305.65 
7/1/2024,16,9,$229.24 
8/1/2024,16,9,$243.13 
9/1/2024,16,9,$409.85 
10/1/2024,16,9,$562.68 
11/1/2024,16,9,$361.22 
12/1/2024,16,9,$583.52 
1/1/2024,16,14,$295.77 
2/1/2024,16,14,$249.87 
3/1/2024,16,14,$163.18 
4/1/2024,16,14,$413.96 
5/1/2024,16,14,$425.95 
6/1/2024,16,14,$173.98 
7/1/2024,16,14,$431.95 
8/1/2024,16,14,$323.97 
9/1/2024,16,14,$341.96 
10/1/2024,16,14,$347.96 
11/1/2024,16,14,$311.97 
12/1/2024,16,14,$461.96 
1/1/2024,16,1,$109.11 
2/1/2024,16,1,$58.01 
3/1/2024,16,1,$95.30 
4/1/2024,16,1,$136.49 
5/1/2024,16,1,$136.49 
6/1/2024,16,1,$77.99 
7/1/2024,16,1,$63.37 
8/1/2024,16,1,$87.74 
9/1/2024,16,1,$108.87 
10/1/2024,16,1,$116.99 
11/1/2024,16,1,$139.74 
12/1/2024,16,1,$50.37 
1/1/2024,16,4,$464.06 
2/1/2024,16,4,$480.64 
3/1/2024,16,4,$629.80 
4/1/2024,16,4,$516.71 
5/1/2024,16,4,$623.95 
6/1/2024,16,4,$906.68 
7/1/2024,16,4,$526.46 
8/1/2024,16,4,$477.71 
9/1/2024,16,4,$516.71 
10/1/2024,16,4,$565.45 
11/1/2024,16,4,$263.23 
12/1/2024,16,4,$341.22 
1/1/2024,16,5,$216.56 
2/1/2024,16,5,$265.18 
3/1/2024,16,5,$380.09 
4/1/2024,16,5,$311.97 
5/1/2024,16,5,$582.35 
6/1/2024,16,5,$249.58 
7/1/2024,16,5,$436.76 
8/1/2024,16,5,$447.16 
9/1/2024,16,5,$431.56 
10/1/2024,16,5,$389.97 
11/1/2024,16,5,$525.16 
12/1/2024,16,5,$509.56 
1/1/2024,16,6,$62.15 
2/1/2024,16,6,$82.87 
3/1/2024,16,6,$67.95 
4/1/2024,16,6,$67.27 
5/1/2024,16,6,$53.62 
6/1/2024,16,6,$61.42 
7/1/2024,16,6,$109.19 
8/1/2024,16,6,$53.62 
9/1/2024,16,6,$39.97 
10/1/2024,16,6,$59.47 
11/1/2024,16,6,$84.82 
12/1/2024,16,6,$55.57 
1/1/2024,16,11,$165.74 
2/1/2024,16,11,$165.74 
3/1/2024,16,11,$228.72 
4/1/2024,16,11,$370.47 
5/1/2024,16,11,$296.38 
6/1/2024,16,11,$292.48 
7/1/2024,16,11,$339.27 
8/1/2024,16,11,$308.07 
9/1/2024,16,11,$210.58 
10/1/2024,16,11,$327.57 
11/1/2024,16,11,$261.28 
12/1/2024,16,11,$296.38 
1/1/2024,16,15,$122.64 
2/1/2024,16,15,$56.35 
3/1/2024,16,15,$109.39 
4/1/2024,16,15,$71.49 
5/1/2024,16,15,$61.09 
6/1/2024,16,15,$70.19 
7/1/2024,16,15,$131.29 
8/1/2024,16,15,$105.29 
9/1/2024,16,15,$50.70 
10/1/2024,16,15,$35.10 
11/1/2024,16,15,$92.29 
12/1/2024,16,15,$118.29 
1/1/2024,16,16,$240.32 
2/1/2024,16,16,$118.78 
3/1/2024,16,16,$91.15 
4/1/2024,16,16,$155.99 
5/1/2024,16,16,$220.98 
6/1/2024,16,16,$237.23 
7/1/2024,16,16,$269.73 
8/1/2024,16,16,$233.98 
9/1/2024,16,16,$321.72 
10/1/2024,16,16,$240.48 
11/1/2024,16,16,$233.98 
12/1/2024,16,16,$311.96 
1/1/2024,17,3,$61.18 
2/1/2024,17,3,$49.37 
3/1/2024,17,3,$61.18 
4/1/2024,17,3,$125.01 
5/1/2024,17,3,$71.98 
6/1/2024,17,3,$87.13 
7/1/2024,17,3,$126.27 
8/1/2024,17,3,$122.48 
9/1/2024,17,3,$56.82 
10/1/2024,17,3,$60.61 
11/1/2024,17,3,$73.24 
12/1/2024,17,3,$104.81 
1/1/2024,17,8,$55.01 
2/1/2024,17,8,$49.64 
3/1/2024,17,8,$79.16 
4/1/2024,17,8,$102.60 
5/1/2024,17,8,$176.78 
6/1/2024,17,8,$126.27 
7/1/2024,17,8,$118.38 
8/1/2024,17,8,$178.36 
9/1/2024,17,8,$149.95 
10/1/2024,17,8,$195.72 
11/1/2024,17,8,$77.34 
12/1/2024,17,8,$113.65 
1/1/2024,17,10,$423.96 
2/1/2024,17,10,$493.73 
3/1/2024,17,10,$515.19 
4/1/2024,17,10,$770.27 
5/1/2024,17,10,$662.93 
6/1/2024,17,10,$404.07 
7/1/2024,17,10,$454.58 
8/1/2024,17,10,$265.17 
9/1/2024,17,10,$328.31 
10/1/2024,17,10,$359.88 
11/1/2024,17,10,$524.03 
12/1/2024,17,10,$340.94 
1/1/2024,17,12,$123.43 
2/1/2024,17,12,$203.93 
3/1/2024,17,12,$99.28 
4/1/2024,17,12,$309.37 
5/1/2024,17,12,$220.98 
6/1/2024,17,12,$176.78 
7/1/2024,17,12,$157.84 
8/1/2024,17,12,$195.72 
9/1/2024,17,12,$176.78 
10/1/2024,17,12,$255.70 
11/1/2024,17,12,$224.13 
12/1/2024,17,12,$312.53 
1/1/2024,17,13,$90.16 
2/1/2024,17,13,$167.44 
3/1/2024,17,13,$66.01 
4/1/2024,17,13,$191.30 
5/1/2024,17,13,$121.22 
6/1/2024,17,13,$125.01 
7/1/2024,17,13,$77.66 
8/1/2024,17,13,$128.80 
9/1/2024,17,13,$179.94 
10/1/2024,17,13,$147.74 
11/1/2024,17,13,$142.06 
12/1/2024,17,13,$140.19 
1/1/2024,17,2,$432.86 
2/1/2024,17,2,$657.02 
3/1/2024,17,2,$772.97 
4/1/2024,17,2,$472.88 
5/1/2024,17,2,$863.91 
6/1/2024,17,2,$936.66 
7/1/2024,17,2,$481.97 
8/1/2024,17,2,$609.28 
9/1/2024,17,2,$545.63 
10/1/2024,17,2,$472.88 
11/1/2024,17,2,$682.03 
12/1/2024,17,2,$509.25 
1/1/2024,17,7,$425.13 
2/1/2024,17,7,$380.04 
3/1/2024,17,7,$219.01 
4/1/2024,17,7,$371.33 
5/1/2024,17,7,$295.55 
6/1/2024,17,7,$719.92 
7/1/2024,17,7,$272.81 
8/1/2024,17,7,$863.91 
9/1/2024,17,7,$401.64 
10/1/2024,17,7,$826.02 
11/1/2024,17,7,$689.61 
12/1/2024,17,7,$765.39 
1/1/2024,17,9,$247.99 
2/1/2024,17,9,$694.38 
3/1/2024,17,9,$382.62 
4/1/2024,17,9,$441.81 
5/1/2024,17,9,$600.19 
6/1/2024,17,9,$366.78 
7/1/2024,17,9,$275.09 
8/1/2024,17,9,$291.76 
9/1/2024,17,9,$491.82 
10/1/2024,17,9,$675.21 
11/1/2024,17,9,$433.47 
12/1/2024,17,9,$700.22 
1/1/2024,17,14,$354.92 
2/1/2024,17,14,$299.85 
3/1/2024,17,14,$195.82 
4/1/2024,17,14,$496.75 
5/1/2024,17,14,$511.14 
6/1/2024,17,14,$208.78 
7/1/2024,17,14,$518.34 
8/1/2024,17,14,$388.76 
9/1/2024,17,14,$410.36 
10/1/2024,17,14,$417.56 
11/1/2024,17,14,$374.36 
12/1/2024,17,14,$554.32 
1/1/2024,17,1,$130.93 
2/1/2024,17,1,$69.61 
3/1/2024,17,1,$114.36 
4/1/2024,17,1,$163.79 
5/1/2024,17,1,$163.79 
6/1/2024,17,1,$93.59 
7/1/2024,17,1,$76.04 
8/1/2024,17,1,$105.29 
9/1/2024,17,1,$130.64 
10/1/2024,17,1,$140.39 
11/1/2024,17,1,$167.69 
12/1/2024,17,1,$60.45 
1/1/2024,17,4,$556.87 
2/1/2024,17,4,$576.76 
3/1/2024,17,4,$755.76 
4/1/2024,17,4,$620.05 
5/1/2024,17,4,$748.74 
6/1/2024,17,4,"$1,088.01 "
7/1/2024,17,4,$631.75 
8/1/2024,17,4,$573.25 
9/1/2024,17,4,$620.05 
10/1/2024,17,4,$678.54 
11/1/2024,17,4,$315.87 
12/1/2024,17,4,$409.47 
1/1/2024,17,5,$259.87 
2/1/2024,17,5,$318.21 
3/1/2024,17,5,$456.11 
4/1/2024,17,5,$374.37 
5/1/2024,17,5,$698.82 
6/1/2024,17,5,$299.50 
7/1/2024,17,5,$524.12 
8/1/2024,17,5,$536.60 
9/1/2024,17,5,$517.88 
10/1/2024,17,5,$467.96 
11/1/2024,17,5,$630.19 
12/1/2024,17,5,$611.47 
1/1/2024,17,6,$74.58 
2/1/2024,17,6,$99.44 
3/1/2024,17,6,$81.54 
4/1/2024,17,6,$80.72 
5/1/2024,17,6,$64.34 
6/1/2024,17,6,$73.70 
7/1/2024,17,6,$131.03 
8/1/2024,17,6,$64.34 
9/1/2024,17,6,$47.97 
10/1/2024,17,6,$71.36 
11/1/2024,17,6,$101.78 
12/1/2024,17,6,$66.68 
1/1/2024,17,11,$198.88 
2/1/2024,17,11,$198.88 
3/1/2024,17,11,$274.46 
4/1/2024,17,11,$444.56 
5/1/2024,17,11,$355.65 
6/1/2024,17,11,$350.97 
7/1/2024,17,11,$407.13 
8/1/2024,17,11,$369.69 
9/1/2024,17,11,$252.70 
10/1/2024,17,11,$393.09 
11/1/2024,17,11,$313.53 
12/1/2024,17,11,$355.65 
1/1/2024,17,15,$147.17 
2/1/2024,17,15,$67.62 
3/1/2024,17,15,$131.26 
4/1/2024,17,15,$85.79 
5/1/2024,17,15,$73.31 
6/1/2024,17,15,$84.23 
7/1/2024,17,15,$157.55 
8/1/2024,17,15,$126.35 
9/1/2024,17,15,$60.83 
10/1/2024,17,15,$42.12 
11/1/2024,17,15,$110.75 
12/1/2024,17,15,$141.95 
1/1/2024,17,16,$288.38 
2/1/2024,17,16,$142.53 
3/1/2024,17,16,$109.39 
4/1/2024,17,16,$187.18 
5/1/2024,17,16,$265.18 
6/1/2024,17,16,$284.68 
7/1/2024,17,16,$323.67 
8/1/2024,17,16,$280.78 
9/1/2024,17,16,$386.07 
10/1/2024,17,16,$288.58 
11/1/2024,17,16,$280.78 
12/1/2024,17,16,$374.39 
1/1/2024,18,3,$50.98 
2/1/2024,18,3,$41.14 
3/1/2024,18,3,$50.98 
4/1/2024,18,3,$104.18 
5/1/2024,18,3,$59.98 
6/1/2024,18,3,$72.61 
7/1/2024,18,3,$105.23 
8/1/2024,18,3,$102.07 
9/1/2024,18,3,$47.35 
10/1/2024,18,3,$50.51 
11/1/2024,18,3,$61.03 
12/1/2024,18,3,$87.34 
1/1/2024,18,8,$45.84 
2/1/2024,18,8,$41.37 
3/1/2024,18,8,$65.96 
4/1/2024,18,8,$85.50 
5/1/2024,18,8,$147.32 
6/1/2024,18,8,$105.23 
7/1/2024,18,8,$98.65 
8/1/2024,18,8,$148.63 
9/1/2024,18,8,$124.96 
10/1/2024,18,8,$163.10 
11/1/2024,18,8,$64.45 
12/1/2024,18,8,$94.70 
1/1/2024,18,10,$353.30 
2/1/2024,18,10,$411.44 
3/1/2024,18,10,$429.33 
4/1/2024,18,10,$641.89 
5/1/2024,18,10,$552.44 
6/1/2024,18,10,$336.73 
7/1/2024,18,10,$378.82 
8/1/2024,18,10,$220.98 
9/1/2024,18,10,$273.59 
10/1/2024,18,10,$299.90 
11/1/2024,18,10,$436.69 
12/1/2024,18,10,$284.11 
1/1/2024,18,12,$102.86 
2/1/2024,18,12,$169.94 
3/1/2024,18,12,$82.74 
4/1/2024,18,12,$257.81 
5/1/2024,18,12,$184.15 
6/1/2024,18,12,$147.32 
7/1/2024,18,12,$131.53 
8/1/2024,18,12,$163.10 
9/1/2024,18,12,$147.32 
10/1/2024,18,12,$213.09 
11/1/2024,18,12,$186.78 
12/1/2024,18,12,$260.44 
1/1/2024,18,13,$75.13 
2/1/2024,18,13,$139.53 
3/1/2024,18,13,$55.01 
4/1/2024,18,13,$159.42 
5/1/2024,18,13,$101.02 
6/1/2024,18,13,$104.18 
7/1/2024,18,13,$64.71 
8/1/2024,18,13,$107.33 
9/1/2024,18,13,$149.95 
10/1/2024,18,13,$123.12 
11/1/2024,18,13,$118.38 
12/1/2024,18,13,$116.81 
1/1/2024,18,2,$360.72 
2/1/2024,18,2,$547.52 
3/1/2024,18,2,$644.14 
4/1/2024,18,2,$394.06 
5/1/2024,18,2,$719.92 
6/1/2024,18,2,$780.55 
7/1/2024,18,2,$401.64 
8/1/2024,18,2,$507.73 
9/1/2024,18,2,$454.69 
10/1/2024,18,2,$394.06 
11/1/2024,18,2,$568.36 
12/1/2024,18,2,$424.38 
1/1/2024,18,7,$354.28 
2/1/2024,18,7,$316.70 
3/1/2024,18,7,$182.51 
4/1/2024,18,7,$309.44 
5/1/2024,18,7,$246.29 
6/1/2024,18,7,$599.94 
7/1/2024,18,7,$227.34 
8/1/2024,18,7,$719.92 
9/1/2024,18,7,$334.70 
10/1/2024,18,7,$688.35 
11/1/2024,18,7,$574.67 
12/1/2024,18,7,$637.83 
1/1/2024,18,9,$206.66 
2/1/2024,18,9,$578.65 
3/1/2024,18,9,$318.85 
4/1/2024,18,9,$368.17 
5/1/2024,18,9,$500.16 
6/1/2024,18,9,$305.65 
7/1/2024,18,9,$229.24 
8/1/2024,18,9,$243.13 
9/1/2024,18,9,$409.85 
10/1/2024,18,9,$562.68 
11/1/2024,18,9,$361.22 
12/1/2024,18,9,$583.52 
1/1/2024,18,14,$295.77 
2/1/2024,18,14,$249.87 
3/1/2024,18,14,$163.18 
4/1/2024,18,14,$413.96 
5/1/2024,18,14,$425.95 
6/1/2024,18,14,$173.98 
7/1/2024,18,14,$431.95 
8/1/2024,18,14,$323.97 
9/1/2024,18,14,$341.96 
10/1/2024,18,14,$347.96 
11/1/2024,18,14,$311.97 
12/1/2024,18,14,$461.96 
1/1/2024,18,1,$109.11 
2/1/2024,18,1,$58.01 
3/1/2024,18,1,$95.30 
4/1/2024,18,1,$136.49 
5/1/2024,18,1,$136.49 
6/1/2024,18,1,$77.99 
7/1/2024,18,1,$63.37 
8/1/2024,18,1,$87.74 
9/1/2024,18,1,$108.87 
10/1/2024,18,1,$116.99 
11/1/2024,18,1,$139.74 
12/1/2024,18,1,$50.37 
1/1/2024,18,4,$464.06 
2/1/2024,18,4,$480.64 
3/1/2024,18,4,$629.80 
4/1/2024,18,4,$516.71 
5/1/2024,18,4,$623.95 
6/1/2024,18,4,$906.68 
7/1/2024,18,4,$526.46 
8/1/2024,18,4,$477.71 
9/1/2024,18,4,$516.71 
10/1/2024,18,4,$565.45 
11/1/2024,18,4,$263.23 
12/1/2024,18,4,$341.22 
1/1/2024,18,5,$216.56 
2/1/2024,18,5,$265.18 
3/1/2024,18,5,$380.09 
4/1/2024,18,5,$311.97 
5/1/2024,18,5,$582.35 
6/1/2024,18,5,$249.58 
7/1/2024,18,5,$436.76 
8/1/2024,18,5,$447.16 
9/1/2024,18,5,$431.56 
10/1/2024,18,5,$389.97 
11/1/2024,18,5,$525.16 
12/1/2024,18,5,$509.56 
1/1/2024,18,6,$62.15 
2/1/2024,18,6,$82.87 
3/1/2024,18,6,$67.95 
4/1/2024,18,6,$67.27 
5/1/2024,18,6,$53.62 
6/1/2024,18,6,$61.42 
7/1/2024,18,6,$109.19 
8/1/2024,18,6,$53.62 
9/1/2024,18,6,$39.97 
10/1/2024,18,6,$59.47 
11/1/2024,18,6,$84.82 
12/1/2024,18,6,$55.57 
1/1/2024,18,11,$165.74 
2/1/2024,18,11,$165.74 
3/1/2024,18,11,$228.72 
4/1/2024,18,11,$370.47 
5/1/2024,18,11,$296.38 
6/1/2024,18,11,$292.48 
7/1/2024,18,11,$339.27 
8/1/2024,18,11,$308.07 
9/1/2024,18,11,$210.58 
10/1/2024,18,11,$327.57 
11/1/2024,18,11,$261.28 
12/1/2024,18,11,$296.38 
1/1/2024,18,15,$122.64 
2/1/2024,18,15,$56.35 
3/1/2024,18,15,$109.39 
4/1/2024,18,15,$71.49 
5/1/2024,18,15,$61.09 
6/1/2024,18,15,$70.19 
7/1/2024,18,15,$131.29 
8/1/2024,18,15,$105.29 
9/1/2024,18,15,$50.70 
10/1/2024,18,15,$35.10 
11/1/2024,18,15,$92.29 
12/1/2024,18,15,$118.29 
1/1/2024,18,16,$240.32 
2/1/2024,18,16,$118.78 
3/1/2024,18,16,$91.15 
4/1/2024,18,16,$155.99 
5/1/2024,18,16,$220.98 
6/1/2024,18,16,$237.23 
7/1/2024,18,16,$269.73 
8/1/2024,18,16,$233.98 
9/1/2024,18,16,$321.72 
10/1/2024,18,16,$240.48 
11/1/2024,18,16,$233.98 
12/1/2024,18,16,$311.96 
